"Percentage"	"CladeReads"	"TaxonReads"	"TaxRank"	"TaxID"	"Name"	"Depth"	"TaxLineage"
93.5128	3763	1047	"-"	1	"-_root"	0	"-_root"
91.8587	2713	128	"-"	131567	"-_cellular organisms"	1	"-_root|-_cellular organisms"
87.6101	16	3	"D"	2759	"d_Eukaryota"	2	"-_root|-_cellular organisms|d_Eukaryota"
0.0204792	13	0	"-"	33154	"-_Opisthokonta"	3	"-_root|-_cellular organisms|d_Eukaryota|-_Opisthokonta"
0.0204792	13	0	"K"	4751	"k_Fungi"	4	"-_root|-_cellular organisms|d_Eukaryota|-_Opisthokonta|k_Fungi"
0.0204792	13	0	"-"	451864	"-_Dikarya"	5	"-_root|-_cellular organisms|d_Eukaryota|-_Opisthokonta|k_Fungi|-_Dikarya"
0.0189039	12	0	"P"	4890	"p_Ascomycota"	6	"-_root|-_cellular organisms|d_Eukaryota|-_Opisthokonta|k_Fungi|-_Dikarya|p_Ascomycota"
0.0189039	12	0	"-"	716545	"-_saccharomyceta"	7	"-_root|-_cellular organisms|d_Eukaryota|-_Opisthokonta|k_Fungi|-_Dikarya|p_Ascomycota|-_saccharomyceta"
0.0110273	7	0	"-"	147538	"-_Pezizomycotina"	8	"-_root|-_cellular organisms|d_Eukaryota|-_Opisthokonta|k_Fungi|-_Dikarya|p_Ascomycota|-_saccharomyceta|-_Pezizomycotina"
0.0110273	7	0	"-"	716546	"-_leotiomyceta"	9	"-_root|-_cellular organisms|d_Eukaryota|-_Opisthokonta|k_Fungi|-_Dikarya|p_Ascomycota|-_saccharomyceta|-_Pezizomycotina|-_leotiomyceta"
0.00787662	5	0	"-"	715989	"-_sordariomyceta"	10	"-_root|-_cellular organisms|d_Eukaryota|-_Opisthokonta|k_Fungi|-_Dikarya|p_Ascomycota|-_saccharomyceta|-_Pezizomycotina|-_leotiomyceta|-_sordariomyceta"
0.00472597	3	0	"C"	147550	"c_Sordariomycetes"	11	"-_root|-_cellular organisms|d_Eukaryota|-_Opisthokonta|k_Fungi|-_Dikarya|p_Ascomycota|-_saccharomyceta|-_Pezizomycotina|-_leotiomyceta|-_sordariomyceta|c_Sordariomycetes"
0.00472597	3	0	"-"	222543	"-_Hypocreomycetidae"	12	"-_root|-_cellular organisms|d_Eukaryota|-_Opisthokonta|k_Fungi|-_Dikarya|p_Ascomycota|-_saccharomyceta|-_Pezizomycotina|-_leotiomyceta|-_sordariomyceta|c_Sordariomycetes|-_Hypocreomycetidae"
0.00472597	3	0	"O"	5125	"o_Hypocreales"	13	"-_root|-_cellular organisms|d_Eukaryota|-_Opisthokonta|k_Fungi|-_Dikarya|p_Ascomycota|-_saccharomyceta|-_Pezizomycotina|-_leotiomyceta|-_sordariomyceta|c_Sordariomycetes|-_Hypocreomycetidae|o_Hypocreales"
0.00472597	3	0	"F"	110618	"f_Nectriaceae"	14	"-_root|-_cellular organisms|d_Eukaryota|-_Opisthokonta|k_Fungi|-_Dikarya|p_Ascomycota|-_saccharomyceta|-_Pezizomycotina|-_leotiomyceta|-_sordariomyceta|c_Sordariomycetes|-_Hypocreomycetidae|o_Hypocreales|f_Nectriaceae"
0.00472597	3	0	"G"	5506	"g_Fusarium"	15	"-_root|-_cellular organisms|d_Eukaryota|-_Opisthokonta|k_Fungi|-_Dikarya|p_Ascomycota|-_saccharomyceta|-_Pezizomycotina|-_leotiomyceta|-_sordariomyceta|c_Sordariomycetes|-_Hypocreomycetidae|o_Hypocreales|f_Nectriaceae|g_Fusarium"
0.00315065	2	0	"-"	171627	"-_Fusarium fujikuroi species complex"	16	"-_root|-_cellular organisms|d_Eukaryota|-_Opisthokonta|k_Fungi|-_Dikarya|p_Ascomycota|-_saccharomyceta|-_Pezizomycotina|-_leotiomyceta|-_sordariomyceta|c_Sordariomycetes|-_Hypocreomycetidae|o_Hypocreales|f_Nectriaceae|g_Fusarium|-_Fusarium fujikuroi species complex"
0.00315065	2	0	"S"	5127	"s_Fusarium fujikuroi"	17	"-_root|-_cellular organisms|d_Eukaryota|-_Opisthokonta|k_Fungi|-_Dikarya|p_Ascomycota|-_saccharomyceta|-_Pezizomycotina|-_leotiomyceta|-_sordariomyceta|c_Sordariomycetes|-_Hypocreomycetidae|o_Hypocreales|f_Nectriaceae|g_Fusarium|-_Fusarium fujikuroi species complex|s_Fusarium fujikuroi"
0.00315065	2	2	"-"	1279085	"-_Fusarium fujikuroi IMI 58289"	18	"-_root|-_cellular organisms|d_Eukaryota|-_Opisthokonta|k_Fungi|-_Dikarya|p_Ascomycota|-_saccharomyceta|-_Pezizomycotina|-_leotiomyceta|-_sordariomyceta|c_Sordariomycetes|-_Hypocreomycetidae|o_Hypocreales|f_Nectriaceae|g_Fusarium|-_Fusarium fujikuroi species complex|s_Fusarium fujikuroi|-_Fusarium fujikuroi IMI 58289"
0.00157532	1	0	"-"	171631	"-_Fusarium oxysporum species complex"	16	"-_root|-_cellular organisms|d_Eukaryota|-_Opisthokonta|k_Fungi|-_Dikarya|p_Ascomycota|-_saccharomyceta|-_Pezizomycotina|-_leotiomyceta|-_sordariomyceta|c_Sordariomycetes|-_Hypocreomycetidae|o_Hypocreales|f_Nectriaceae|g_Fusarium|-_Fusarium oxysporum species complex"
0.00157532	1	0	"S"	5507	"s_Fusarium oxysporum"	17	"-_root|-_cellular organisms|d_Eukaryota|-_Opisthokonta|k_Fungi|-_Dikarya|p_Ascomycota|-_saccharomyceta|-_Pezizomycotina|-_leotiomyceta|-_sordariomyceta|c_Sordariomycetes|-_Hypocreomycetidae|o_Hypocreales|f_Nectriaceae|g_Fusarium|-_Fusarium oxysporum species complex|s_Fusarium oxysporum"
0.00157532	1	0	"-"	59765	"-_Fusarium oxysporum f. sp. lycopersici"	18	"-_root|-_cellular organisms|d_Eukaryota|-_Opisthokonta|k_Fungi|-_Dikarya|p_Ascomycota|-_saccharomyceta|-_Pezizomycotina|-_leotiomyceta|-_sordariomyceta|c_Sordariomycetes|-_Hypocreomycetidae|o_Hypocreales|f_Nectriaceae|g_Fusarium|-_Fusarium oxysporum species complex|s_Fusarium oxysporum|-_Fusarium oxysporum f. sp. lycopersici"
0.00157532	1	1	"-"	426428	"-_Fusarium oxysporum f. sp. lycopersici 4287"	19	"-_root|-_cellular organisms|d_Eukaryota|-_Opisthokonta|k_Fungi|-_Dikarya|p_Ascomycota|-_saccharomyceta|-_Pezizomycotina|-_leotiomyceta|-_sordariomyceta|c_Sordariomycetes|-_Hypocreomycetidae|o_Hypocreales|f_Nectriaceae|g_Fusarium|-_Fusarium oxysporum species complex|s_Fusarium oxysporum|-_Fusarium oxysporum f. sp. lycopersici|-_Fusarium oxysporum f. sp. lycopersici 4287"
0.00315065	2	0	"C"	147548	"c_Leotiomycetes"	11	"-_root|-_cellular organisms|d_Eukaryota|-_Opisthokonta|k_Fungi|-_Dikarya|p_Ascomycota|-_saccharomyceta|-_Pezizomycotina|-_leotiomyceta|-_sordariomyceta|c_Leotiomycetes"
0.00315065	2	0	"O"	5178	"o_Helotiales"	12	"-_root|-_cellular organisms|d_Eukaryota|-_Opisthokonta|k_Fungi|-_Dikarya|p_Ascomycota|-_saccharomyceta|-_Pezizomycotina|-_leotiomyceta|-_sordariomyceta|c_Leotiomycetes|o_Helotiales"
0.00315065	2	0	"F"	28983	"f_Sclerotiniaceae"	13	"-_root|-_cellular organisms|d_Eukaryota|-_Opisthokonta|k_Fungi|-_Dikarya|p_Ascomycota|-_saccharomyceta|-_Pezizomycotina|-_leotiomyceta|-_sordariomyceta|c_Leotiomycetes|o_Helotiales|f_Sclerotiniaceae"
0.00315065	2	0	"G"	33196	"g_Botrytis"	14	"-_root|-_cellular organisms|d_Eukaryota|-_Opisthokonta|k_Fungi|-_Dikarya|p_Ascomycota|-_saccharomyceta|-_Pezizomycotina|-_leotiomyceta|-_sordariomyceta|c_Leotiomycetes|o_Helotiales|f_Sclerotiniaceae|g_Botrytis"
0.00157532	1	1	"S"	40559	"s_Botrytis cinerea"	15	"-_root|-_cellular organisms|d_Eukaryota|-_Opisthokonta|k_Fungi|-_Dikarya|p_Ascomycota|-_saccharomyceta|-_Pezizomycotina|-_leotiomyceta|-_sordariomyceta|c_Leotiomycetes|o_Helotiales|f_Sclerotiniaceae|g_Botrytis|s_Botrytis cinerea"
0.00157532	1	1	"S"	182092	"s_Botrytis fabae"	15	"-_root|-_cellular organisms|d_Eukaryota|-_Opisthokonta|k_Fungi|-_Dikarya|p_Ascomycota|-_saccharomyceta|-_Pezizomycotina|-_leotiomyceta|-_sordariomyceta|c_Leotiomycetes|o_Helotiales|f_Sclerotiniaceae|g_Botrytis|s_Botrytis fabae"
0.00315065	2	0	"-"	715962	"-_dothideomyceta"	10	"-_root|-_cellular organisms|d_Eukaryota|-_Opisthokonta|k_Fungi|-_Dikarya|p_Ascomycota|-_saccharomyceta|-_Pezizomycotina|-_leotiomyceta|-_dothideomyceta"
0.00315065	2	0	"C"	147541	"c_Dothideomycetes"	11	"-_root|-_cellular organisms|d_Eukaryota|-_Opisthokonta|k_Fungi|-_Dikarya|p_Ascomycota|-_saccharomyceta|-_Pezizomycotina|-_leotiomyceta|-_dothideomyceta|c_Dothideomycetes"
0.00315065	2	0	"-"	451868	"-_Pleosporomycetidae"	12	"-_root|-_cellular organisms|d_Eukaryota|-_Opisthokonta|k_Fungi|-_Dikarya|p_Ascomycota|-_saccharomyceta|-_Pezizomycotina|-_leotiomyceta|-_dothideomyceta|c_Dothideomycetes|-_Pleosporomycetidae"
0.00315065	2	0	"O"	92860	"o_Pleosporales"	13	"-_root|-_cellular organisms|d_Eukaryota|-_Opisthokonta|k_Fungi|-_Dikarya|p_Ascomycota|-_saccharomyceta|-_Pezizomycotina|-_leotiomyceta|-_dothideomyceta|c_Dothideomycetes|-_Pleosporomycetidae|o_Pleosporales"
0.00315065	2	0	"-"	715340	"-_Pleosporineae"	14	"-_root|-_cellular organisms|d_Eukaryota|-_Opisthokonta|k_Fungi|-_Dikarya|p_Ascomycota|-_saccharomyceta|-_Pezizomycotina|-_leotiomyceta|-_dothideomyceta|c_Dothideomycetes|-_Pleosporomycetidae|o_Pleosporales|-_Pleosporineae"
0.00157532	1	0	"F"	5020	"f_Phaeosphaeriaceae"	15	"-_root|-_cellular organisms|d_Eukaryota|-_Opisthokonta|k_Fungi|-_Dikarya|p_Ascomycota|-_saccharomyceta|-_Pezizomycotina|-_leotiomyceta|-_dothideomyceta|c_Dothideomycetes|-_Pleosporomycetidae|o_Pleosporales|-_Pleosporineae|f_Phaeosphaeriaceae"
0.00157532	1	0	"G"	1351751	"g_Parastagonospora"	16	"-_root|-_cellular organisms|d_Eukaryota|-_Opisthokonta|k_Fungi|-_Dikarya|p_Ascomycota|-_saccharomyceta|-_Pezizomycotina|-_leotiomyceta|-_dothideomyceta|c_Dothideomycetes|-_Pleosporomycetidae|o_Pleosporales|-_Pleosporineae|f_Phaeosphaeriaceae|g_Parastagonospora"
0.00157532	1	1	"S"	13684	"s_Parastagonospora nodorum"	17	"-_root|-_cellular organisms|d_Eukaryota|-_Opisthokonta|k_Fungi|-_Dikarya|p_Ascomycota|-_saccharomyceta|-_Pezizomycotina|-_leotiomyceta|-_dothideomyceta|c_Dothideomycetes|-_Pleosporomycetidae|o_Pleosporales|-_Pleosporineae|f_Phaeosphaeriaceae|g_Parastagonospora|s_Parastagonospora nodorum"
0.00157532	1	0	"F"	683158	"f_Didymellaceae"	15	"-_root|-_cellular organisms|d_Eukaryota|-_Opisthokonta|k_Fungi|-_Dikarya|p_Ascomycota|-_saccharomyceta|-_Pezizomycotina|-_leotiomyceta|-_dothideomyceta|c_Dothideomycetes|-_Pleosporomycetidae|o_Pleosporales|-_Pleosporineae|f_Didymellaceae"
0.00157532	1	0	"G"	5453	"g_Ascochyta"	16	"-_root|-_cellular organisms|d_Eukaryota|-_Opisthokonta|k_Fungi|-_Dikarya|p_Ascomycota|-_saccharomyceta|-_Pezizomycotina|-_leotiomyceta|-_dothideomyceta|c_Dothideomycetes|-_Pleosporomycetidae|o_Pleosporales|-_Pleosporineae|f_Didymellaceae|g_Ascochyta"
0.00157532	1	1	"S"	5454	"s_Ascochyta rabiei"	17	"-_root|-_cellular organisms|d_Eukaryota|-_Opisthokonta|k_Fungi|-_Dikarya|p_Ascomycota|-_saccharomyceta|-_Pezizomycotina|-_leotiomyceta|-_dothideomyceta|c_Dothideomycetes|-_Pleosporomycetidae|o_Pleosporales|-_Pleosporineae|f_Didymellaceae|g_Ascochyta|s_Ascochyta rabiei"
0.00787662	5	0	"-"	147537	"-_Saccharomycotina"	8	"-_root|-_cellular organisms|d_Eukaryota|-_Opisthokonta|k_Fungi|-_Dikarya|p_Ascomycota|-_saccharomyceta|-_Saccharomycotina"
0.00787662	5	0	"C"	4891	"c_Saccharomycetes"	9	"-_root|-_cellular organisms|d_Eukaryota|-_Opisthokonta|k_Fungi|-_Dikarya|p_Ascomycota|-_saccharomyceta|-_Saccharomycotina|c_Saccharomycetes"
0.00787662	5	0	"O"	4892	"o_Saccharomycetales"	10	"-_root|-_cellular organisms|d_Eukaryota|-_Opisthokonta|k_Fungi|-_Dikarya|p_Ascomycota|-_saccharomyceta|-_Saccharomycotina|c_Saccharomycetes|o_Saccharomycetales"
0.00315065	2	0	"F"	4893	"f_Saccharomycetaceae"	11	"-_root|-_cellular organisms|d_Eukaryota|-_Opisthokonta|k_Fungi|-_Dikarya|p_Ascomycota|-_saccharomyceta|-_Saccharomycotina|c_Saccharomycetes|o_Saccharomycetales|f_Saccharomycetaceae"
0.00157532	1	0	"G"	113604	"g_Tetrapisispora"	12	"-_root|-_cellular organisms|d_Eukaryota|-_Opisthokonta|k_Fungi|-_Dikarya|p_Ascomycota|-_saccharomyceta|-_Saccharomycotina|c_Saccharomycetes|o_Saccharomycetales|f_Saccharomycetaceae|g_Tetrapisispora"
0.00157532	1	0	"S"	1071379	"s_Tetrapisispora blattae"	13	"-_root|-_cellular organisms|d_Eukaryota|-_Opisthokonta|k_Fungi|-_Dikarya|p_Ascomycota|-_saccharomyceta|-_Saccharomycotina|c_Saccharomycetes|o_Saccharomycetales|f_Saccharomycetaceae|g_Tetrapisispora|s_Tetrapisispora blattae"
0.00157532	1	1	"-"	1071380	"-_Tetrapisispora blattae CBS 6284"	14	"-_root|-_cellular organisms|d_Eukaryota|-_Opisthokonta|k_Fungi|-_Dikarya|p_Ascomycota|-_saccharomyceta|-_Saccharomycotina|c_Saccharomycetes|o_Saccharomycetales|f_Saccharomycetaceae|g_Tetrapisispora|s_Tetrapisispora blattae|-_Tetrapisispora blattae CBS 6284"
0.00157532	1	0	"G"	278028	"g_Naumovozyma"	12	"-_root|-_cellular organisms|d_Eukaryota|-_Opisthokonta|k_Fungi|-_Dikarya|p_Ascomycota|-_saccharomyceta|-_Saccharomycotina|c_Saccharomycetes|o_Saccharomycetales|f_Saccharomycetaceae|g_Naumovozyma"
0.00157532	1	0	"S"	27288	"s_Naumovozyma castellii"	13	"-_root|-_cellular organisms|d_Eukaryota|-_Opisthokonta|k_Fungi|-_Dikarya|p_Ascomycota|-_saccharomyceta|-_Saccharomycotina|c_Saccharomycetes|o_Saccharomycetales|f_Saccharomycetaceae|g_Naumovozyma|s_Naumovozyma castellii"
0.00157532	1	1	"-"	1064592	"-_Naumovozyma castellii CBS 4309"	14	"-_root|-_cellular organisms|d_Eukaryota|-_Opisthokonta|k_Fungi|-_Dikarya|p_Ascomycota|-_saccharomyceta|-_Saccharomycotina|c_Saccharomycetes|o_Saccharomycetales|f_Saccharomycetaceae|g_Naumovozyma|s_Naumovozyma castellii|-_Naumovozyma castellii CBS 4309"
0.00315065	2	0	"F"	410830	"f_Trichomonascaceae"	11	"-_root|-_cellular organisms|d_Eukaryota|-_Opisthokonta|k_Fungi|-_Dikarya|p_Ascomycota|-_saccharomyceta|-_Saccharomycotina|c_Saccharomycetes|o_Saccharomycetales|f_Trichomonascaceae"
0.00315065	2	0	"G"	410829	"g_Sugiyamaella"	12	"-_root|-_cellular organisms|d_Eukaryota|-_Opisthokonta|k_Fungi|-_Dikarya|p_Ascomycota|-_saccharomyceta|-_Saccharomycotina|c_Saccharomycetes|o_Saccharomycetales|f_Trichomonascaceae|g_Sugiyamaella"
0.00315065	2	2	"S"	796027	"s_Sugiyamaella lignohabitans"	13	"-_root|-_cellular organisms|d_Eukaryota|-_Opisthokonta|k_Fungi|-_Dikarya|p_Ascomycota|-_saccharomyceta|-_Saccharomycotina|c_Saccharomycetes|o_Saccharomycetales|f_Trichomonascaceae|g_Sugiyamaella|s_Sugiyamaella lignohabitans"
0.00157532	1	0	"F"	766764	"f_Debaryomycetaceae"	11	"-_root|-_cellular organisms|d_Eukaryota|-_Opisthokonta|k_Fungi|-_Dikarya|p_Ascomycota|-_saccharomyceta|-_Saccharomycotina|c_Saccharomycetes|o_Saccharomycetales|f_Debaryomycetaceae"
0.00157532	1	0	"-"	1535325	"-_Candida/Lodderomyces clade"	12	"-_root|-_cellular organisms|d_Eukaryota|-_Opisthokonta|k_Fungi|-_Dikarya|p_Ascomycota|-_saccharomyceta|-_Saccharomycotina|c_Saccharomycetes|o_Saccharomycetales|f_Debaryomycetaceae|-_Candida/Lodderomyces clade"
0.00157532	1	0	"G"	1535326	"g_Candida"	13	"-_root|-_cellular organisms|d_Eukaryota|-_Opisthokonta|k_Fungi|-_Dikarya|p_Ascomycota|-_saccharomyceta|-_Saccharomycotina|c_Saccharomycetes|o_Saccharomycetales|f_Debaryomycetaceae|-_Candida/Lodderomyces clade|g_Candida"
0.00157532	1	0	"S"	5476	"s_Candida albicans"	14	"-_root|-_cellular organisms|d_Eukaryota|-_Opisthokonta|k_Fungi|-_Dikarya|p_Ascomycota|-_saccharomyceta|-_Saccharomycotina|c_Saccharomycetes|o_Saccharomycetales|f_Debaryomycetaceae|-_Candida/Lodderomyces clade|g_Candida|s_Candida albicans"
0.00157532	1	1	"-"	237561	"-_Candida albicans SC5314"	15	"-_root|-_cellular organisms|d_Eukaryota|-_Opisthokonta|k_Fungi|-_Dikarya|p_Ascomycota|-_saccharomyceta|-_Saccharomycotina|c_Saccharomycetes|o_Saccharomycetales|f_Debaryomycetaceae|-_Candida/Lodderomyces clade|g_Candida|s_Candida albicans|-_Candida albicans SC5314"
0.00157532	1	0	"P"	5204	"p_Basidiomycota"	6	"-_root|-_cellular organisms|d_Eukaryota|-_Opisthokonta|k_Fungi|-_Dikarya|p_Basidiomycota"
0.00157532	1	0	"-"	5302	"-_Agaricomycotina"	7	"-_root|-_cellular organisms|d_Eukaryota|-_Opisthokonta|k_Fungi|-_Dikarya|p_Basidiomycota|-_Agaricomycotina"
0.00157532	1	0	"C"	155616	"c_Tremellomycetes"	8	"-_root|-_cellular organisms|d_Eukaryota|-_Opisthokonta|k_Fungi|-_Dikarya|p_Basidiomycota|-_Agaricomycotina|c_Tremellomycetes"
0.00157532	1	0	"O"	5234	"o_Tremellales"	9	"-_root|-_cellular organisms|d_Eukaryota|-_Opisthokonta|k_Fungi|-_Dikarya|p_Basidiomycota|-_Agaricomycotina|c_Tremellomycetes|o_Tremellales"
0.00157532	1	0	"F"	1884633	"f_Cryptococcaceae"	10	"-_root|-_cellular organisms|d_Eukaryota|-_Opisthokonta|k_Fungi|-_Dikarya|p_Basidiomycota|-_Agaricomycotina|c_Tremellomycetes|o_Tremellales|f_Cryptococcaceae"
0.00157532	1	0	"G"	5206	"g_Cryptococcus"	11	"-_root|-_cellular organisms|d_Eukaryota|-_Opisthokonta|k_Fungi|-_Dikarya|p_Basidiomycota|-_Agaricomycotina|c_Tremellomycetes|o_Tremellales|f_Cryptococcaceae|g_Cryptococcus"
0.00157532	1	0	"-"	1897064	"-_Cryptococcus neoformans species complex"	12	"-_root|-_cellular organisms|d_Eukaryota|-_Opisthokonta|k_Fungi|-_Dikarya|p_Basidiomycota|-_Agaricomycotina|c_Tremellomycetes|o_Tremellales|f_Cryptococcaceae|g_Cryptococcus|-_Cryptococcus neoformans species complex"
0.00157532	1	0	"S"	5207	"s_Cryptococcus neoformans"	13	"-_root|-_cellular organisms|d_Eukaryota|-_Opisthokonta|k_Fungi|-_Dikarya|p_Basidiomycota|-_Agaricomycotina|c_Tremellomycetes|o_Tremellales|f_Cryptococcaceae|g_Cryptococcus|-_Cryptococcus neoformans species complex|s_Cryptococcus neoformans"
0.00157532	1	1	"-"	40410	"-_Cryptococcus neoformans var. neoformans"	14	"-_root|-_cellular organisms|d_Eukaryota|-_Opisthokonta|k_Fungi|-_Dikarya|p_Basidiomycota|-_Agaricomycotina|c_Tremellomycetes|o_Tremellales|f_Cryptococcaceae|g_Cryptococcus|-_Cryptococcus neoformans species complex|s_Cryptococcus neoformans|-_Cryptococcus neoformans var. neoformans"
4.04701	2569	2	"D"	2	"d_Bacteria"	2	"-_root|-_cellular organisms|d_Bacteria"
3.93673	2499	2	"P"	1224	"p_Proteobacteria"	3	"-_root|-_cellular organisms|d_Bacteria|p_Proteobacteria"
3.9068	2480	0	"C"	1236	"c_Gammaproteobacteria"	4	"-_root|-_cellular organisms|d_Bacteria|p_Proteobacteria|c_Gammaproteobacteria"
3.87215	2458	1	"O"	91347	"o_Enterobacterales"	5	"-_root|-_cellular organisms|d_Bacteria|p_Proteobacteria|c_Gammaproteobacteria|o_Enterobacterales"
3.85797	2449	555	"F"	543	"f_Enterobacteriaceae"	6	"-_root|-_cellular organisms|d_Bacteria|p_Proteobacteria|c_Gammaproteobacteria|o_Enterobacterales|f_Enterobacteriaceae"
2.17867	1383	13	"G"	620	"g_Shigella"	7	"-_root|-_cellular organisms|d_Bacteria|p_Proteobacteria|c_Gammaproteobacteria|o_Enterobacterales|f_Enterobacteriaceae|g_Shigella"
2.15819	1370	1370	"S"	623	"s_Shigella flexneri"	8	"-_root|-_cellular organisms|d_Bacteria|p_Proteobacteria|c_Gammaproteobacteria|o_Enterobacterales|f_Enterobacteriaceae|g_Shigella|s_Shigella flexneri"
0.689992	438	0	"G"	561	"g_Escherichia"	7	"-_root|-_cellular organisms|d_Bacteria|p_Proteobacteria|c_Gammaproteobacteria|o_Enterobacterales|f_Enterobacteriaceae|g_Escherichia"
0.689992	438	183	"S"	562	"s_Escherichia coli"	8	"-_root|-_cellular organisms|d_Bacteria|p_Proteobacteria|c_Gammaproteobacteria|o_Enterobacterales|f_Enterobacteriaceae|g_Escherichia|s_Escherichia coli"
0.245751	156	156	"-"	595495	"-_Escherichia coli KO11FL"	9	"-_root|-_cellular organisms|d_Bacteria|p_Proteobacteria|c_Gammaproteobacteria|o_Enterobacterales|f_Enterobacteriaceae|g_Escherichia|s_Escherichia coli|-_Escherichia coli KO11FL"
0.126026	80	0	"-"	83333	"-_Escherichia coli K-12"	9	"-_root|-_cellular organisms|d_Bacteria|p_Proteobacteria|c_Gammaproteobacteria|o_Enterobacterales|f_Enterobacteriaceae|g_Escherichia|s_Escherichia coli|-_Escherichia coli K-12"
0.126026	80	80	"-"	595496	"-_Escherichia coli BW2952"	10	"-_root|-_cellular organisms|d_Bacteria|p_Proteobacteria|c_Gammaproteobacteria|o_Enterobacterales|f_Enterobacteriaceae|g_Escherichia|s_Escherichia coli|-_Escherichia coli K-12|-_Escherichia coli BW2952"
0.0267805	17	17	"-"	409438	"-_Escherichia coli SE11"	9	"-_root|-_cellular organisms|d_Bacteria|p_Proteobacteria|c_Gammaproteobacteria|o_Enterobacterales|f_Enterobacteriaceae|g_Escherichia|s_Escherichia coli|-_Escherichia coli SE11"
0.00315065	2	2	"-"	1050617	"-_Escherichia coli UMNF18"	9	"-_root|-_cellular organisms|d_Bacteria|p_Proteobacteria|c_Gammaproteobacteria|o_Enterobacterales|f_Enterobacteriaceae|g_Escherichia|s_Escherichia coli|-_Escherichia coli UMNF18"
0.114999	73	0	"G"	590	"g_Salmonella"	7	"-_root|-_cellular organisms|d_Bacteria|p_Proteobacteria|c_Gammaproteobacteria|o_Enterobacterales|f_Enterobacteriaceae|g_Salmonella"
0.114999	73	73	"S"	28901	"s_Salmonella enterica"	8	"-_root|-_cellular organisms|d_Bacteria|p_Proteobacteria|c_Gammaproteobacteria|o_Enterobacterales|f_Enterobacteriaceae|g_Salmonella|s_Salmonella enterica"
0.0063013	4	0	"F"	1903409	"f_Erwiniaceae"	6	"-_root|-_cellular organisms|d_Bacteria|p_Proteobacteria|c_Gammaproteobacteria|o_Enterobacterales|f_Erwiniaceae"
0.00472597	3	0	"G"	53335	"g_Pantoea"	7	"-_root|-_cellular organisms|d_Bacteria|p_Proteobacteria|c_Gammaproteobacteria|o_Enterobacterales|f_Erwiniaceae|g_Pantoea"
0.00157532	1	0	"S"	553	"s_Pantoea ananatis"	8	"-_root|-_cellular organisms|d_Bacteria|p_Proteobacteria|c_Gammaproteobacteria|o_Enterobacterales|f_Erwiniaceae|g_Pantoea|s_Pantoea ananatis"
0.00157532	1	1	"-"	706191	"-_Pantoea ananatis LMG 20103"	9	"-_root|-_cellular organisms|d_Bacteria|p_Proteobacteria|c_Gammaproteobacteria|o_Enterobacterales|f_Erwiniaceae|g_Pantoea|s_Pantoea ananatis|-_Pantoea ananatis LMG 20103"
0.00157532	1	1	"S"	592316	"s_Pantoea sp. At-9b"	8	"-_root|-_cellular organisms|d_Bacteria|p_Proteobacteria|c_Gammaproteobacteria|o_Enterobacterales|f_Erwiniaceae|g_Pantoea|s_Pantoea sp. At-9b"
0.00157532	1	1	"S"	1235990	"s_Candidatus Pantoea carbekii"	8	"-_root|-_cellular organisms|d_Bacteria|p_Proteobacteria|c_Gammaproteobacteria|o_Enterobacterales|f_Erwiniaceae|g_Pantoea|s_Candidatus Pantoea carbekii"
0.00157532	1	0	"G"	551	"g_Erwinia"	7	"-_root|-_cellular organisms|d_Bacteria|p_Proteobacteria|c_Gammaproteobacteria|o_Enterobacterales|f_Erwiniaceae|g_Erwinia"
0.00157532	1	1	"S"	1619313	"s_Erwinia gerundensis"	8	"-_root|-_cellular organisms|d_Bacteria|p_Proteobacteria|c_Gammaproteobacteria|o_Enterobacterales|f_Erwiniaceae|g_Erwinia|s_Erwinia gerundensis"
0.00472597	3	0	"F"	1903414	"f_Morganellaceae"	6	"-_root|-_cellular organisms|d_Bacteria|p_Proteobacteria|c_Gammaproteobacteria|o_Enterobacterales|f_Morganellaceae"
0.00315065	2	0	"G"	586	"g_Providencia"	7	"-_root|-_cellular organisms|d_Bacteria|p_Proteobacteria|c_Gammaproteobacteria|o_Enterobacterales|f_Morganellaceae|g_Providencia"
0.00157532	1	1	"S"	158850	"s_Providencia rustigianii"	8	"-_root|-_cellular organisms|d_Bacteria|p_Proteobacteria|c_Gammaproteobacteria|o_Enterobacterales|f_Morganellaceae|g_Providencia|s_Providencia rustigianii"
0.00157532	1	1	"S"	333962	"s_Providencia heimbachae"	8	"-_root|-_cellular organisms|d_Bacteria|p_Proteobacteria|c_Gammaproteobacteria|o_Enterobacterales|f_Morganellaceae|g_Providencia|s_Providencia heimbachae"
0.00157532	1	0	"G"	626	"g_Xenorhabdus"	7	"-_root|-_cellular organisms|d_Bacteria|p_Proteobacteria|c_Gammaproteobacteria|o_Enterobacterales|f_Morganellaceae|g_Xenorhabdus"
0.00157532	1	1	"S"	40576	"s_Xenorhabdus bovienii"	8	"-_root|-_cellular organisms|d_Bacteria|p_Proteobacteria|c_Gammaproteobacteria|o_Enterobacterales|f_Morganellaceae|g_Xenorhabdus|s_Xenorhabdus bovienii"
0.00157532	1	0	"F"	1903411	"f_Yersiniaceae"	6	"-_root|-_cellular organisms|d_Bacteria|p_Proteobacteria|c_Gammaproteobacteria|o_Enterobacterales|f_Yersiniaceae"
0.00157532	1	0	"G"	613	"g_Serratia"	7	"-_root|-_cellular organisms|d_Bacteria|p_Proteobacteria|c_Gammaproteobacteria|o_Enterobacterales|f_Yersiniaceae|g_Serratia"
0.00157532	1	0	"S"	615	"s_Serratia marcescens"	8	"-_root|-_cellular organisms|d_Bacteria|p_Proteobacteria|c_Gammaproteobacteria|o_Enterobacterales|f_Yersiniaceae|g_Serratia|s_Serratia marcescens"
0.00157532	1	1	"-"	1334564	"-_Serratia marcescens SM39"	9	"-_root|-_cellular organisms|d_Bacteria|p_Proteobacteria|c_Gammaproteobacteria|o_Enterobacterales|f_Yersiniaceae|g_Serratia|s_Serratia marcescens|-_Serratia marcescens SM39"
0.0110273	7	0	"O"	135622	"o_Alteromonadales"	5	"-_root|-_cellular organisms|d_Bacteria|p_Proteobacteria|c_Gammaproteobacteria|o_Alteromonadales"
0.0063013	4	0	"F"	267890	"f_Shewanellaceae"	6	"-_root|-_cellular organisms|d_Bacteria|p_Proteobacteria|c_Gammaproteobacteria|o_Alteromonadales|f_Shewanellaceae"
0.00472597	3	0	"G"	22	"g_Shewanella"	7	"-_root|-_cellular organisms|d_Bacteria|p_Proteobacteria|c_Gammaproteobacteria|o_Alteromonadales|f_Shewanellaceae|g_Shewanella"
0.00315065	2	0	"S"	70863	"s_Shewanella oneidensis"	8	"-_root|-_cellular organisms|d_Bacteria|p_Proteobacteria|c_Gammaproteobacteria|o_Alteromonadales|f_Shewanellaceae|g_Shewanella|s_Shewanella oneidensis"
0.00315065	2	2	"-"	211586	"-_Shewanella oneidensis MR-1"	9	"-_root|-_cellular organisms|d_Bacteria|p_Proteobacteria|c_Gammaproteobacteria|o_Alteromonadales|f_Shewanellaceae|g_Shewanella|s_Shewanella oneidensis|-_Shewanella oneidensis MR-1"
0.00157532	1	1	"S"	1965282	"s_Shewanella sp. TH2012"	8	"-_root|-_cellular organisms|d_Bacteria|p_Proteobacteria|c_Gammaproteobacteria|o_Alteromonadales|f_Shewanellaceae|g_Shewanella|s_Shewanella sp. TH2012"
0.00157532	1	0	"G"	2547964	"g_Parashewanella"	7	"-_root|-_cellular organisms|d_Bacteria|p_Proteobacteria|c_Gammaproteobacteria|o_Alteromonadales|f_Shewanellaceae|g_Parashewanella"
0.00157532	1	1	"S"	342950	"s_Parashewanella spongiae"	8	"-_root|-_cellular organisms|d_Bacteria|p_Proteobacteria|c_Gammaproteobacteria|o_Alteromonadales|f_Shewanellaceae|g_Parashewanella|s_Parashewanella spongiae"
0.00315065	2	0	"F"	267888	"f_Pseudoalteromonadaceae"	6	"-_root|-_cellular organisms|d_Bacteria|p_Proteobacteria|c_Gammaproteobacteria|o_Alteromonadales|f_Pseudoalteromonadaceae"
0.00315065	2	1	"G"	53246	"g_Pseudoalteromonas"	7	"-_root|-_cellular organisms|d_Bacteria|p_Proteobacteria|c_Gammaproteobacteria|o_Alteromonadales|f_Pseudoalteromonadaceae|g_Pseudoalteromonas"
0.00157532	1	1	"S"	2490635	"s_Pseudoalteromonas sp. Xi13"	8	"-_root|-_cellular organisms|d_Bacteria|p_Proteobacteria|c_Gammaproteobacteria|o_Alteromonadales|f_Pseudoalteromonadaceae|g_Pseudoalteromonas|s_Pseudoalteromonas sp. Xi13"
0.00157532	1	0	"F"	267889	"f_Colwelliaceae"	6	"-_root|-_cellular organisms|d_Bacteria|p_Proteobacteria|c_Gammaproteobacteria|o_Alteromonadales|f_Colwelliaceae"
0.00157532	1	0	"G"	1407056	"g_Litorilituus"	7	"-_root|-_cellular organisms|d_Bacteria|p_Proteobacteria|c_Gammaproteobacteria|o_Alteromonadales|f_Colwelliaceae|g_Litorilituus"
0.00157532	1	1	"S"	718192	"s_Litorilituus sediminis"	8	"-_root|-_cellular organisms|d_Bacteria|p_Proteobacteria|c_Gammaproteobacteria|o_Alteromonadales|f_Colwelliaceae|g_Litorilituus|s_Litorilituus sediminis"
0.00472597	3	0	"O"	72274	"o_Pseudomonadales"	5	"-_root|-_cellular organisms|d_Bacteria|p_Proteobacteria|c_Gammaproteobacteria|o_Pseudomonadales"
0.00315065	2	0	"F"	468	"f_Moraxellaceae"	6	"-_root|-_cellular organisms|d_Bacteria|p_Proteobacteria|c_Gammaproteobacteria|o_Pseudomonadales|f_Moraxellaceae"
0.00315065	2	0	"G"	469	"g_Acinetobacter"	7	"-_root|-_cellular organisms|d_Bacteria|p_Proteobacteria|c_Gammaproteobacteria|o_Pseudomonadales|f_Moraxellaceae|g_Acinetobacter"
0.00157532	1	1	"S"	40215	"s_Acinetobacter junii"	8	"-_root|-_cellular organisms|d_Bacteria|p_Proteobacteria|c_Gammaproteobacteria|o_Pseudomonadales|f_Moraxellaceae|g_Acinetobacter|s_Acinetobacter junii"
0.00157532	1	0	"-"	909768	"-_Acinetobacter calcoaceticus/baumannii complex"	8	"-_root|-_cellular organisms|d_Bacteria|p_Proteobacteria|c_Gammaproteobacteria|o_Pseudomonadales|f_Moraxellaceae|g_Acinetobacter|-_Acinetobacter calcoaceticus/baumannii complex"
0.00157532	1	1	"S"	470	"s_Acinetobacter baumannii"	9	"-_root|-_cellular organisms|d_Bacteria|p_Proteobacteria|c_Gammaproteobacteria|o_Pseudomonadales|f_Moraxellaceae|g_Acinetobacter|-_Acinetobacter calcoaceticus/baumannii complex|s_Acinetobacter baumannii"
0.00157532	1	0	"F"	135621	"f_Pseudomonadaceae"	6	"-_root|-_cellular organisms|d_Bacteria|p_Proteobacteria|c_Gammaproteobacteria|o_Pseudomonadales|f_Pseudomonadaceae"
0.00157532	1	0	"G"	286	"g_Pseudomonas"	7	"-_root|-_cellular organisms|d_Bacteria|p_Proteobacteria|c_Gammaproteobacteria|o_Pseudomonadales|f_Pseudomonadaceae|g_Pseudomonas"
0.00157532	1	0	"-"	136843	"-_Pseudomonas fluorescens group"	8	"-_root|-_cellular organisms|d_Bacteria|p_Proteobacteria|c_Gammaproteobacteria|o_Pseudomonadales|f_Pseudomonadaceae|g_Pseudomonas|-_Pseudomonas fluorescens group"
0.00157532	1	1	"S"	47883	"s_Pseudomonas synxantha"	9	"-_root|-_cellular organisms|d_Bacteria|p_Proteobacteria|c_Gammaproteobacteria|o_Pseudomonadales|f_Pseudomonadaceae|g_Pseudomonas|-_Pseudomonas fluorescens group|s_Pseudomonas synxantha"
0.00472597	3	0	"O"	135623	"o_Vibrionales"	5	"-_root|-_cellular organisms|d_Bacteria|p_Proteobacteria|c_Gammaproteobacteria|o_Vibrionales"
0.00472597	3	0	"F"	641	"f_Vibrionaceae"	6	"-_root|-_cellular organisms|d_Bacteria|p_Proteobacteria|c_Gammaproteobacteria|o_Vibrionales|f_Vibrionaceae"
0.00472597	3	0	"G"	662	"g_Vibrio"	7	"-_root|-_cellular organisms|d_Bacteria|p_Proteobacteria|c_Gammaproteobacteria|o_Vibrionales|f_Vibrionaceae|g_Vibrio"
0.00157532	1	1	"S"	190893	"s_Vibrio coralliilyticus"	8	"-_root|-_cellular organisms|d_Bacteria|p_Proteobacteria|c_Gammaproteobacteria|o_Vibrionales|f_Vibrionaceae|g_Vibrio|s_Vibrio coralliilyticus"
0.00157532	1	1	"S"	687	"s_Vibrio gazogenes"	8	"-_root|-_cellular organisms|d_Bacteria|p_Proteobacteria|c_Gammaproteobacteria|o_Vibrionales|f_Vibrionaceae|g_Vibrio|s_Vibrio gazogenes"
0.00157532	1	1	"S"	1435069	"s_Vibrio tritonius"	8	"-_root|-_cellular organisms|d_Bacteria|p_Proteobacteria|c_Gammaproteobacteria|o_Vibrionales|f_Vibrionaceae|g_Vibrio|s_Vibrio tritonius"
0.00472597	3	0	"O"	135614	"o_Xanthomonadales"	5	"-_root|-_cellular organisms|d_Bacteria|p_Proteobacteria|c_Gammaproteobacteria|o_Xanthomonadales"
0.00472597	3	0	"F"	32033	"f_Xanthomonadaceae"	6	"-_root|-_cellular organisms|d_Bacteria|p_Proteobacteria|c_Gammaproteobacteria|o_Xanthomonadales|f_Xanthomonadaceae"
0.00157532	1	0	"G"	68	"g_Lysobacter"	7	"-_root|-_cellular organisms|d_Bacteria|p_Proteobacteria|c_Gammaproteobacteria|o_Xanthomonadales|f_Xanthomonadaceae|g_Lysobacter"
0.00157532	1	1	"S"	262324	"s_Lysobacter gummosus"	8	"-_root|-_cellular organisms|d_Bacteria|p_Proteobacteria|c_Gammaproteobacteria|o_Xanthomonadales|f_Xanthomonadaceae|g_Lysobacter|s_Lysobacter gummosus"
0.00157532	1	0	"G"	338	"g_Xanthomonas"	7	"-_root|-_cellular organisms|d_Bacteria|p_Proteobacteria|c_Gammaproteobacteria|o_Xanthomonadales|f_Xanthomonadaceae|g_Xanthomonas"
0.00157532	1	1	"S"	347	"s_Xanthomonas oryzae"	8	"-_root|-_cellular organisms|d_Bacteria|p_Proteobacteria|c_Gammaproteobacteria|o_Xanthomonadales|f_Xanthomonadaceae|g_Xanthomonas|s_Xanthomonas oryzae"
0.00157532	1	0	"G"	40323	"g_Stenotrophomonas"	7	"-_root|-_cellular organisms|d_Bacteria|p_Proteobacteria|c_Gammaproteobacteria|o_Xanthomonadales|f_Xanthomonadaceae|g_Stenotrophomonas"
0.00157532	1	0	"-"	995085	"-_Stenotrophomonas maltophilia group"	8	"-_root|-_cellular organisms|d_Bacteria|p_Proteobacteria|c_Gammaproteobacteria|o_Xanthomonadales|f_Xanthomonadaceae|g_Stenotrophomonas|-_Stenotrophomonas maltophilia group"
0.00157532	1	1	"S"	40324	"s_Stenotrophomonas maltophilia"	9	"-_root|-_cellular organisms|d_Bacteria|p_Proteobacteria|c_Gammaproteobacteria|o_Xanthomonadales|f_Xanthomonadaceae|g_Stenotrophomonas|-_Stenotrophomonas maltophilia group|s_Stenotrophomonas maltophilia"
0.00315065	2	0	"O"	72273	"o_Thiotrichales"	5	"-_root|-_cellular organisms|d_Bacteria|p_Proteobacteria|c_Gammaproteobacteria|o_Thiotrichales"
0.00315065	2	0	"F"	34064	"f_Francisellaceae"	6	"-_root|-_cellular organisms|d_Bacteria|p_Proteobacteria|c_Gammaproteobacteria|o_Thiotrichales|f_Francisellaceae"
0.00315065	2	0	"G"	262	"g_Francisella"	7	"-_root|-_cellular organisms|d_Bacteria|p_Proteobacteria|c_Gammaproteobacteria|o_Thiotrichales|f_Francisellaceae|g_Francisella"
0.00157532	1	0	"S"	263	"s_Francisella tularensis"	8	"-_root|-_cellular organisms|d_Bacteria|p_Proteobacteria|c_Gammaproteobacteria|o_Thiotrichales|f_Francisellaceae|g_Francisella|s_Francisella tularensis"
0.00157532	1	1	"-"	264	"-_Francisella tularensis subsp. novicida"	9	"-_root|-_cellular organisms|d_Bacteria|p_Proteobacteria|c_Gammaproteobacteria|o_Thiotrichales|f_Francisellaceae|g_Francisella|s_Francisella tularensis|-_Francisella tularensis subsp. novicida"
0.00157532	1	1	"S"	28110	"s_Francisella philomiragia"	8	"-_root|-_cellular organisms|d_Bacteria|p_Proteobacteria|c_Gammaproteobacteria|o_Thiotrichales|f_Francisellaceae|g_Francisella|s_Francisella philomiragia"
0.00157532	1	0	"O"	135619	"o_Oceanospirillales"	5	"-_root|-_cellular organisms|d_Bacteria|p_Proteobacteria|c_Gammaproteobacteria|o_Oceanospirillales"
0.00157532	1	0	"F"	1920240	"f_Kangiellaceae"	6	"-_root|-_cellular organisms|d_Bacteria|p_Proteobacteria|c_Gammaproteobacteria|o_Oceanospirillales|f_Kangiellaceae"
0.00157532	1	0	"G"	261963	"g_Kangiella"	7	"-_root|-_cellular organisms|d_Bacteria|p_Proteobacteria|c_Gammaproteobacteria|o_Oceanospirillales|f_Kangiellaceae|g_Kangiella"
0.00157532	1	1	"S"	1144748	"s_Kangiella sediminilitoris"	8	"-_root|-_cellular organisms|d_Bacteria|p_Proteobacteria|c_Gammaproteobacteria|o_Oceanospirillales|f_Kangiellaceae|g_Kangiella|s_Kangiella sediminilitoris"
0.00157532	1	0	"-"	118884	"-_unclassified Gammaproteobacteria"	5	"-_root|-_cellular organisms|d_Bacteria|p_Proteobacteria|c_Gammaproteobacteria|-_unclassified Gammaproteobacteria"
0.00157532	1	0	"G"	655184	"g_Candidatus Thioglobus"	6	"-_root|-_cellular organisms|d_Bacteria|p_Proteobacteria|c_Gammaproteobacteria|-_unclassified Gammaproteobacteria|g_Candidatus Thioglobus"
0.00157532	1	1	"S"	1427364	"s_Candidatus Thioglobus singularis"	7	"-_root|-_cellular organisms|d_Bacteria|p_Proteobacteria|c_Gammaproteobacteria|-_unclassified Gammaproteobacteria|g_Candidatus Thioglobus|s_Candidatus Thioglobus singularis"
0.00157532	1	0	"O"	135625	"o_Pasteurellales"	5	"-_root|-_cellular organisms|d_Bacteria|p_Proteobacteria|c_Gammaproteobacteria|o_Pasteurellales"
0.00157532	1	0	"F"	712	"f_Pasteurellaceae"	6	"-_root|-_cellular organisms|d_Bacteria|p_Proteobacteria|c_Gammaproteobacteria|o_Pasteurellales|f_Pasteurellaceae"
0.00157532	1	0	"G"	416916	"g_Aggregatibacter"	7	"-_root|-_cellular organisms|d_Bacteria|p_Proteobacteria|c_Gammaproteobacteria|o_Pasteurellales|f_Pasteurellaceae|g_Aggregatibacter"
0.00157532	1	0	"S"	739	"s_Aggregatibacter segnis"	8	"-_root|-_cellular organisms|d_Bacteria|p_Proteobacteria|c_Gammaproteobacteria|o_Pasteurellales|f_Pasteurellaceae|g_Aggregatibacter|s_Aggregatibacter segnis"
0.00157532	1	1	"-"	888057	"-_Aggregatibacter segnis ATCC 33393"	9	"-_root|-_cellular organisms|d_Bacteria|p_Proteobacteria|c_Gammaproteobacteria|o_Pasteurellales|f_Pasteurellaceae|g_Aggregatibacter|s_Aggregatibacter segnis|-_Aggregatibacter segnis ATCC 33393"
0.00157532	1	0	"O"	1706369	"o_Cellvibrionales"	5	"-_root|-_cellular organisms|d_Bacteria|p_Proteobacteria|c_Gammaproteobacteria|o_Cellvibrionales"
0.00157532	1	0	"F"	1706371	"f_Cellvibrionaceae"	6	"-_root|-_cellular organisms|d_Bacteria|p_Proteobacteria|c_Gammaproteobacteria|o_Cellvibrionales|f_Cellvibrionaceae"
0.00157532	1	0	"G"	2036021	"g_Agarilytica"	7	"-_root|-_cellular organisms|d_Bacteria|p_Proteobacteria|c_Gammaproteobacteria|o_Cellvibrionales|f_Cellvibrionaceae|g_Agarilytica"
0.00157532	1	1	"S"	1737490	"s_Agarilytica rhodophyticola"	8	"-_root|-_cellular organisms|d_Bacteria|p_Proteobacteria|c_Gammaproteobacteria|o_Cellvibrionales|f_Cellvibrionaceae|g_Agarilytica|s_Agarilytica rhodophyticola"
0.0173286	11	0	"-"	68525	"-_delta/epsilon subdivisions"	4	"-_root|-_cellular organisms|d_Bacteria|p_Proteobacteria|-_delta/epsilon subdivisions"
0.0157532	10	0	"C"	29547	"c_Epsilonproteobacteria"	5	"-_root|-_cellular organisms|d_Bacteria|p_Proteobacteria|-_delta/epsilon subdivisions|c_Epsilonproteobacteria"
0.0157532	10	0	"O"	213849	"o_Campylobacterales"	6	"-_root|-_cellular organisms|d_Bacteria|p_Proteobacteria|-_delta/epsilon subdivisions|c_Epsilonproteobacteria|o_Campylobacterales"
0.0157532	10	0	"F"	72294	"f_Campylobacteraceae"	7	"-_root|-_cellular organisms|d_Bacteria|p_Proteobacteria|-_delta/epsilon subdivisions|c_Epsilonproteobacteria|o_Campylobacterales|f_Campylobacteraceae"
0.00945194	6	0	"G"	194	"g_Campylobacter"	8	"-_root|-_cellular organisms|d_Bacteria|p_Proteobacteria|-_delta/epsilon subdivisions|c_Epsilonproteobacteria|o_Campylobacterales|f_Campylobacteraceae|g_Campylobacter"
0.00472597	3	0	"S"	1965231	"s_Campylobacter pinnipediorum"	9	"-_root|-_cellular organisms|d_Bacteria|p_Proteobacteria|-_delta/epsilon subdivisions|c_Epsilonproteobacteria|o_Campylobacterales|f_Campylobacteraceae|g_Campylobacter|s_Campylobacter pinnipediorum"
0.00472597	3	3	"-"	1660067	"-_Campylobacter pinnipediorum subsp. pinnipediorum"	10	"-_root|-_cellular organisms|d_Bacteria|p_Proteobacteria|-_delta/epsilon subdivisions|c_Epsilonproteobacteria|o_Campylobacterales|f_Campylobacteraceae|g_Campylobacter|s_Campylobacter pinnipediorum|-_Campylobacter pinnipediorum subsp. pinnipediorum"
0.00157532	1	1	"S"	199	"s_Campylobacter concisus"	9	"-_root|-_cellular organisms|d_Bacteria|p_Proteobacteria|-_delta/epsilon subdivisions|c_Epsilonproteobacteria|o_Campylobacterales|f_Campylobacteraceae|g_Campylobacter|s_Campylobacter concisus"
0.00157532	1	0	"S"	200	"s_Campylobacter curvus"	9	"-_root|-_cellular organisms|d_Bacteria|p_Proteobacteria|-_delta/epsilon subdivisions|c_Epsilonproteobacteria|o_Campylobacterales|f_Campylobacteraceae|g_Campylobacter|s_Campylobacter curvus"
0.00157532	1	1	"-"	360105	"-_Campylobacter curvus 525.92"	10	"-_root|-_cellular organisms|d_Bacteria|p_Proteobacteria|-_delta/epsilon subdivisions|c_Epsilonproteobacteria|o_Campylobacterales|f_Campylobacteraceae|g_Campylobacter|s_Campylobacter curvus|-_Campylobacter curvus 525.92"
0.00157532	1	1	"S"	28898	"s_Campylobacter helveticus"	9	"-_root|-_cellular organisms|d_Bacteria|p_Proteobacteria|-_delta/epsilon subdivisions|c_Epsilonproteobacteria|o_Campylobacterales|f_Campylobacteraceae|g_Campylobacter|s_Campylobacter helveticus"
0.0063013	4	0	"-"	2321108	"-_Arcobacter group"	8	"-_root|-_cellular organisms|d_Bacteria|p_Proteobacteria|-_delta/epsilon subdivisions|c_Epsilonproteobacteria|o_Campylobacterales|f_Campylobacteraceae|-_Arcobacter group"
0.00315065	2	0	"G"	28196	"g_Arcobacter"	9	"-_root|-_cellular organisms|d_Bacteria|p_Proteobacteria|-_delta/epsilon subdivisions|c_Epsilonproteobacteria|o_Campylobacterales|f_Campylobacteraceae|-_Arcobacter group|g_Arcobacter"
0.00157532	1	0	"S"	603050	"s_Arcobacter mytili"	10	"-_root|-_cellular organisms|d_Bacteria|p_Proteobacteria|-_delta/epsilon subdivisions|c_Epsilonproteobacteria|o_Campylobacterales|f_Campylobacteraceae|-_Arcobacter group|g_Arcobacter|s_Arcobacter mytili"
0.00157532	1	1	"-"	1032238	"-_Arcobacter mytili LMG 24559"	11	"-_root|-_cellular organisms|d_Bacteria|p_Proteobacteria|-_delta/epsilon subdivisions|c_Epsilonproteobacteria|o_Campylobacterales|f_Campylobacteraceae|-_Arcobacter group|g_Arcobacter|s_Arcobacter mytili|-_Arcobacter mytili LMG 24559"
0.00157532	1	1	"S"	663364	"s_Arcobacter bivalviorum"	10	"-_root|-_cellular organisms|d_Bacteria|p_Proteobacteria|-_delta/epsilon subdivisions|c_Epsilonproteobacteria|o_Campylobacterales|f_Campylobacteraceae|-_Arcobacter group|g_Arcobacter|s_Arcobacter bivalviorum"
0.00315065	2	1	"-"	2321207	"-_unclassified Arcobacter group"	9	"-_root|-_cellular organisms|d_Bacteria|p_Proteobacteria|-_delta/epsilon subdivisions|c_Epsilonproteobacteria|o_Campylobacterales|f_Campylobacteraceae|-_Arcobacter group|-_unclassified Arcobacter group"
0.00157532	1	1	"S"	1850254	"s_Arcobacter sp. LPB0137"	10	"-_root|-_cellular organisms|d_Bacteria|p_Proteobacteria|-_delta/epsilon subdivisions|c_Epsilonproteobacteria|o_Campylobacterales|f_Campylobacteraceae|-_Arcobacter group|-_unclassified Arcobacter group|s_Arcobacter sp. LPB0137"
0.00157532	1	0	"C"	28221	"c_Deltaproteobacteria"	5	"-_root|-_cellular organisms|d_Bacteria|p_Proteobacteria|-_delta/epsilon subdivisions|c_Deltaproteobacteria"
0.00157532	1	0	"O"	213115	"o_Desulfovibrionales"	6	"-_root|-_cellular organisms|d_Bacteria|p_Proteobacteria|-_delta/epsilon subdivisions|c_Deltaproteobacteria|o_Desulfovibrionales"
0.00157532	1	0	"F"	194924	"f_Desulfovibrionaceae"	7	"-_root|-_cellular organisms|d_Bacteria|p_Proteobacteria|-_delta/epsilon subdivisions|c_Deltaproteobacteria|o_Desulfovibrionales|f_Desulfovibrionaceae"
0.00157532	1	0	"G"	872	"g_Desulfovibrio"	8	"-_root|-_cellular organisms|d_Bacteria|p_Proteobacteria|-_delta/epsilon subdivisions|c_Deltaproteobacteria|o_Desulfovibrionales|f_Desulfovibrionaceae|g_Desulfovibrio"
0.00157532	1	0	"S"	184917	"s_Desulfovibrio magneticus"	9	"-_root|-_cellular organisms|d_Bacteria|p_Proteobacteria|-_delta/epsilon subdivisions|c_Deltaproteobacteria|o_Desulfovibrionales|f_Desulfovibrionaceae|g_Desulfovibrio|s_Desulfovibrio magneticus"
0.00157532	1	1	"-"	573370	"-_Desulfovibrio magneticus RS-1"	10	"-_root|-_cellular organisms|d_Bacteria|p_Proteobacteria|-_delta/epsilon subdivisions|c_Deltaproteobacteria|o_Desulfovibrionales|f_Desulfovibrionaceae|g_Desulfovibrio|s_Desulfovibrio magneticus|-_Desulfovibrio magneticus RS-1"
0.00787662	5	0	"C"	28216	"c_Betaproteobacteria"	4	"-_root|-_cellular organisms|d_Bacteria|p_Proteobacteria|c_Betaproteobacteria"
0.0063013	4	0	"O"	80840	"o_Burkholderiales"	5	"-_root|-_cellular organisms|d_Bacteria|p_Proteobacteria|c_Betaproteobacteria|o_Burkholderiales"
0.00315065	2	0	"F"	75682	"f_Oxalobacteraceae"	6	"-_root|-_cellular organisms|d_Bacteria|p_Proteobacteria|c_Betaproteobacteria|o_Burkholderiales|f_Oxalobacteraceae"
0.00157532	1	0	"G"	963	"g_Herbaspirillum"	7	"-_root|-_cellular organisms|d_Bacteria|p_Proteobacteria|c_Betaproteobacteria|o_Burkholderiales|f_Oxalobacteraceae|g_Herbaspirillum"
0.00157532	1	1	"S"	2025949	"s_Herbaspirillum sp. meg3"	8	"-_root|-_cellular organisms|d_Bacteria|p_Proteobacteria|c_Betaproteobacteria|o_Burkholderiales|f_Oxalobacteraceae|g_Herbaspirillum|s_Herbaspirillum sp. meg3"
0.00157532	1	1	"G"	149698	"g_Massilia"	7	"-_root|-_cellular organisms|d_Bacteria|p_Proteobacteria|c_Betaproteobacteria|o_Burkholderiales|f_Oxalobacteraceae|g_Massilia"
0.00157532	1	0	"F"	119060	"f_Burkholderiaceae"	6	"-_root|-_cellular organisms|d_Bacteria|p_Proteobacteria|c_Betaproteobacteria|o_Burkholderiales|f_Burkholderiaceae"
0.00157532	1	0	"G"	32008	"g_Burkholderia"	7	"-_root|-_cellular organisms|d_Bacteria|p_Proteobacteria|c_Betaproteobacteria|o_Burkholderiales|f_Burkholderiaceae|g_Burkholderia"
0.00157532	1	1	"S"	758793	"s_Burkholderia insecticola"	8	"-_root|-_cellular organisms|d_Bacteria|p_Proteobacteria|c_Betaproteobacteria|o_Burkholderiales|f_Burkholderiaceae|g_Burkholderia|s_Burkholderia insecticola"
0.00157532	1	0	"-"	119065	"-_unclassified Burkholderiales"	6	"-_root|-_cellular organisms|d_Bacteria|p_Proteobacteria|c_Betaproteobacteria|o_Burkholderiales|-_unclassified Burkholderiales"
0.00157532	1	0	"-"	80841	"-_unclassified Burkholderiales (miscellaneous)"	7	"-_root|-_cellular organisms|d_Bacteria|p_Proteobacteria|c_Betaproteobacteria|o_Burkholderiales|-_unclassified Burkholderiales|-_unclassified Burkholderiales (miscellaneous)"
0.00157532	1	1	"S"	864051	"s_Burkholderiales bacterium JOSHI_001"	8	"-_root|-_cellular organisms|d_Bacteria|p_Proteobacteria|c_Betaproteobacteria|o_Burkholderiales|-_unclassified Burkholderiales|-_unclassified Burkholderiales (miscellaneous)|s_Burkholderiales bacterium JOSHI_001"
0.00157532	1	0	"O"	206351	"o_Neisseriales"	5	"-_root|-_cellular organisms|d_Bacteria|p_Proteobacteria|c_Betaproteobacteria|o_Neisseriales"
0.00157532	1	0	"F"	481	"f_Neisseriaceae"	6	"-_root|-_cellular organisms|d_Bacteria|p_Proteobacteria|c_Betaproteobacteria|o_Neisseriales|f_Neisseriaceae"
0.00157532	1	0	"G"	59	"g_Vitreoscilla"	7	"-_root|-_cellular organisms|d_Bacteria|p_Proteobacteria|c_Betaproteobacteria|o_Neisseriales|f_Neisseriaceae|g_Vitreoscilla"
0.00157532	1	1	"S"	96942	"s_Vitreoscilla sp. C1"	8	"-_root|-_cellular organisms|d_Bacteria|p_Proteobacteria|c_Betaproteobacteria|o_Neisseriales|f_Neisseriaceae|g_Vitreoscilla|s_Vitreoscilla sp. C1"
0.00157532	1	0	"C"	28211	"c_Alphaproteobacteria"	4	"-_root|-_cellular organisms|d_Bacteria|p_Proteobacteria|c_Alphaproteobacteria"
0.00157532	1	0	"O"	356	"o_Rhizobiales"	5	"-_root|-_cellular organisms|d_Bacteria|p_Proteobacteria|c_Alphaproteobacteria|o_Rhizobiales"
0.00157532	1	0	"F"	772	"f_Bartonellaceae"	6	"-_root|-_cellular organisms|d_Bacteria|p_Proteobacteria|c_Alphaproteobacteria|o_Rhizobiales|f_Bartonellaceae"
0.00157532	1	0	"G"	773	"g_Bartonella"	7	"-_root|-_cellular organisms|d_Bacteria|p_Proteobacteria|c_Alphaproteobacteria|o_Rhizobiales|f_Bartonellaceae|g_Bartonella"
0.00157532	1	0	"S"	56426	"s_Bartonella clarridgeiae"	8	"-_root|-_cellular organisms|d_Bacteria|p_Proteobacteria|c_Alphaproteobacteria|o_Rhizobiales|f_Bartonellaceae|g_Bartonella|s_Bartonella clarridgeiae"
0.00157532	1	1	"-"	696125	"-_Bartonella clarridgeiae 73"	9	"-_root|-_cellular organisms|d_Bacteria|p_Proteobacteria|c_Alphaproteobacteria|o_Rhizobiales|f_Bartonellaceae|g_Bartonella|s_Bartonella clarridgeiae|-_Bartonella clarridgeiae 73"
0.0756156	48	0	"-"	1783272	"-_Terrabacteria group"	3	"-_root|-_cellular organisms|d_Bacteria|-_Terrabacteria group"
0.048835	31	0	"P"	1239	"p_Firmicutes"	4	"-_root|-_cellular organisms|d_Bacteria|-_Terrabacteria group|p_Firmicutes"
0.0267805	17	0	"C"	91061	"c_Bacilli"	5	"-_root|-_cellular organisms|d_Bacteria|-_Terrabacteria group|p_Firmicutes|c_Bacilli"
0.0189039	12	1	"O"	1385	"o_Bacillales"	6	"-_root|-_cellular organisms|d_Bacteria|-_Terrabacteria group|p_Firmicutes|c_Bacilli|o_Bacillales"
0.00945194	6	0	"F"	186817	"f_Bacillaceae"	7	"-_root|-_cellular organisms|d_Bacteria|-_Terrabacteria group|p_Firmicutes|c_Bacilli|o_Bacillales|f_Bacillaceae"
0.00472597	3	1	"G"	84406	"g_Virgibacillus"	8	"-_root|-_cellular organisms|d_Bacteria|-_Terrabacteria group|p_Firmicutes|c_Bacilli|o_Bacillales|f_Bacillaceae|g_Virgibacillus"
0.00157532	1	1	"S"	302167	"s_Virgibacillus dokdonensis"	9	"-_root|-_cellular organisms|d_Bacteria|-_Terrabacteria group|p_Firmicutes|c_Bacilli|o_Bacillales|f_Bacillaceae|g_Virgibacillus|s_Virgibacillus dokdonensis"
0.00157532	1	1	"S"	2419842	"s_Virgibacillus sp. Bac332"	9	"-_root|-_cellular organisms|d_Bacteria|-_Terrabacteria group|p_Firmicutes|c_Bacilli|o_Bacillales|f_Bacillaceae|g_Virgibacillus|s_Virgibacillus sp. Bac332"
0.00157532	1	0	"G"	1386	"g_Bacillus"	8	"-_root|-_cellular organisms|d_Bacteria|-_Terrabacteria group|p_Firmicutes|c_Bacilli|o_Bacillales|f_Bacillaceae|g_Bacillus"
0.00157532	1	0	"-"	86661	"-_Bacillus cereus group"	9	"-_root|-_cellular organisms|d_Bacteria|-_Terrabacteria group|p_Firmicutes|c_Bacilli|o_Bacillales|f_Bacillaceae|g_Bacillus|-_Bacillus cereus group"
0.00157532	1	1	"S"	1392	"s_Bacillus anthracis"	10	"-_root|-_cellular organisms|d_Bacteria|-_Terrabacteria group|p_Firmicutes|c_Bacilli|o_Bacillales|f_Bacillaceae|g_Bacillus|-_Bacillus cereus group|s_Bacillus anthracis"
0.00157532	1	1	"G"	150247	"g_Anoxybacillus"	8	"-_root|-_cellular organisms|d_Bacteria|-_Terrabacteria group|p_Firmicutes|c_Bacilli|o_Bacillales|f_Bacillaceae|g_Anoxybacillus"
0.00157532	1	0	"G"	400634	"g_Lysinibacillus"	8	"-_root|-_cellular organisms|d_Bacteria|-_Terrabacteria group|p_Firmicutes|c_Bacilli|o_Bacillales|f_Bacillaceae|g_Lysinibacillus"
0.00157532	1	1	"S"	1421	"s_Lysinibacillus sphaericus"	9	"-_root|-_cellular organisms|d_Bacteria|-_Terrabacteria group|p_Firmicutes|c_Bacilli|o_Bacillales|f_Bacillaceae|g_Lysinibacillus|s_Lysinibacillus sphaericus"
0.0063013	4	0	"F"	186822	"f_Paenibacillaceae"	7	"-_root|-_cellular organisms|d_Bacteria|-_Terrabacteria group|p_Firmicutes|c_Bacilli|o_Bacillales|f_Paenibacillaceae"
0.00472597	3	1	"G"	44249	"g_Paenibacillus"	8	"-_root|-_cellular organisms|d_Bacteria|-_Terrabacteria group|p_Firmicutes|c_Bacilli|o_Bacillales|f_Paenibacillaceae|g_Paenibacillus"
0.00157532	1	1	"S"	2211212	"s_Paenibacillus sp. DCT19"	9	"-_root|-_cellular organisms|d_Bacteria|-_Terrabacteria group|p_Firmicutes|c_Bacilli|o_Bacillales|f_Paenibacillaceae|g_Paenibacillus|s_Paenibacillus sp. DCT19"
0.00157532	1	1	"S"	1763538	"s_Paenibacillus crassostreae"	9	"-_root|-_cellular organisms|d_Bacteria|-_Terrabacteria group|p_Firmicutes|c_Bacilli|o_Bacillales|f_Paenibacillaceae|g_Paenibacillus|s_Paenibacillus crassostreae"
0.00157532	1	0	"G"	329857	"g_Cohnella"	8	"-_root|-_cellular organisms|d_Bacteria|-_Terrabacteria group|p_Firmicutes|c_Bacilli|o_Bacillales|f_Paenibacillaceae|g_Cohnella"
0.00157532	1	1	"S"	2507935	"s_Cohnella sp. HS21"	9	"-_root|-_cellular organisms|d_Bacteria|-_Terrabacteria group|p_Firmicutes|c_Bacilli|o_Bacillales|f_Paenibacillaceae|g_Cohnella|s_Cohnella sp. HS21"
0.00157532	1	0	"F"	186820	"f_Listeriaceae"	7	"-_root|-_cellular organisms|d_Bacteria|-_Terrabacteria group|p_Firmicutes|c_Bacilli|o_Bacillales|f_Listeriaceae"
0.00157532	1	0	"G"	1637	"g_Listeria"	8	"-_root|-_cellular organisms|d_Bacteria|-_Terrabacteria group|p_Firmicutes|c_Bacilli|o_Bacillales|f_Listeriaceae|g_Listeria"
0.00157532	1	1	"S"	1639	"s_Listeria monocytogenes"	9	"-_root|-_cellular organisms|d_Bacteria|-_Terrabacteria group|p_Firmicutes|c_Bacilli|o_Bacillales|f_Listeriaceae|g_Listeria|s_Listeria monocytogenes"
0.00787662	5	0	"O"	186826	"o_Lactobacillales"	6	"-_root|-_cellular organisms|d_Bacteria|-_Terrabacteria group|p_Firmicutes|c_Bacilli|o_Lactobacillales"
0.00472597	3	0	"F"	1300	"f_Streptococcaceae"	7	"-_root|-_cellular organisms|d_Bacteria|-_Terrabacteria group|p_Firmicutes|c_Bacilli|o_Lactobacillales|f_Streptococcaceae"
0.00472597	3	0	"G"	1301	"g_Streptococcus"	8	"-_root|-_cellular organisms|d_Bacteria|-_Terrabacteria group|p_Firmicutes|c_Bacilli|o_Lactobacillales|f_Streptococcaceae|g_Streptococcus"
0.00315065	2	0	"S"	1304	"s_Streptococcus salivarius"	9	"-_root|-_cellular organisms|d_Bacteria|-_Terrabacteria group|p_Firmicutes|c_Bacilli|o_Lactobacillales|f_Streptococcaceae|g_Streptococcus|s_Streptococcus salivarius"
0.00315065	2	2	"-"	347253	"-_Streptococcus salivarius JIM8777"	10	"-_root|-_cellular organisms|d_Bacteria|-_Terrabacteria group|p_Firmicutes|c_Bacilli|o_Lactobacillales|f_Streptococcaceae|g_Streptococcus|s_Streptococcus salivarius|-_Streptococcus salivarius JIM8777"
0.00157532	1	1	"S"	1316408	"s_Streptococcus sp. HSISM1"	9	"-_root|-_cellular organisms|d_Bacteria|-_Terrabacteria group|p_Firmicutes|c_Bacilli|o_Lactobacillales|f_Streptococcaceae|g_Streptococcus|s_Streptococcus sp. HSISM1"
0.00315065	2	0	"F"	33958	"f_Lactobacillaceae"	7	"-_root|-_cellular organisms|d_Bacteria|-_Terrabacteria group|p_Firmicutes|c_Bacilli|o_Lactobacillales|f_Lactobacillaceae"
0.00315065	2	0	"G"	1578	"g_Lactobacillus"	8	"-_root|-_cellular organisms|d_Bacteria|-_Terrabacteria group|p_Firmicutes|c_Bacilli|o_Lactobacillales|f_Lactobacillaceae|g_Lactobacillus"
0.00157532	1	1	"S"	1613	"s_Lactobacillus fermentum"	9	"-_root|-_cellular organisms|d_Bacteria|-_Terrabacteria group|p_Firmicutes|c_Bacilli|o_Lactobacillales|f_Lactobacillaceae|g_Lactobacillus|s_Lactobacillus fermentum"
0.00157532	1	1	"S"	1610	"s_Lactobacillus coryniformis"	9	"-_root|-_cellular organisms|d_Bacteria|-_Terrabacteria group|p_Firmicutes|c_Bacilli|o_Lactobacillales|f_Lactobacillaceae|g_Lactobacillus|s_Lactobacillus coryniformis"
0.0204792	13	0	"C"	186801	"c_Clostridia"	5	"-_root|-_cellular organisms|d_Bacteria|-_Terrabacteria group|p_Firmicutes|c_Clostridia"
0.0189039	12	0	"O"	186802	"o_Clostridiales"	6	"-_root|-_cellular organisms|d_Bacteria|-_Terrabacteria group|p_Firmicutes|c_Clostridia|o_Clostridiales"
0.0126026	8	0	"F"	31979	"f_Clostridiaceae"	7	"-_root|-_cellular organisms|d_Bacteria|-_Terrabacteria group|p_Firmicutes|c_Clostridia|o_Clostridiales|f_Clostridiaceae"
0.0126026	8	0	"G"	1485	"g_Clostridium"	8	"-_root|-_cellular organisms|d_Bacteria|-_Terrabacteria group|p_Firmicutes|c_Clostridia|o_Clostridiales|f_Clostridiaceae|g_Clostridium"
0.00315065	2	2	"S"	1534	"s_Clostridium kluyveri"	9	"-_root|-_cellular organisms|d_Bacteria|-_Terrabacteria group|p_Firmicutes|c_Clostridia|o_Clostridiales|f_Clostridiaceae|g_Clostridium|s_Clostridium kluyveri"
0.00157532	1	1	"S"	1488	"s_Clostridium acetobutylicum"	9	"-_root|-_cellular organisms|d_Bacteria|-_Terrabacteria group|p_Firmicutes|c_Clostridia|o_Clostridiales|f_Clostridiaceae|g_Clostridium|s_Clostridium acetobutylicum"
0.00157532	1	1	"S"	36745	"s_Clostridium saccharoperbutylacetonicum"	9	"-_root|-_cellular organisms|d_Bacteria|-_Terrabacteria group|p_Firmicutes|c_Clostridia|o_Clostridiales|f_Clostridiaceae|g_Clostridium|s_Clostridium saccharoperbutylacetonicum"
0.00157532	1	1	"S"	29341	"s_Clostridium argentinense"	9	"-_root|-_cellular organisms|d_Bacteria|-_Terrabacteria group|p_Firmicutes|c_Clostridia|o_Clostridiales|f_Clostridiaceae|g_Clostridium|s_Clostridium argentinense"
0.00157532	1	0	"S"	217159	"s_Clostridium carboxidivorans"	9	"-_root|-_cellular organisms|d_Bacteria|-_Terrabacteria group|p_Firmicutes|c_Clostridia|o_Clostridiales|f_Clostridiaceae|g_Clostridium|s_Clostridium carboxidivorans"
0.00157532	1	1	"-"	536227	"-_Clostridium carboxidivorans P7"	10	"-_root|-_cellular organisms|d_Bacteria|-_Terrabacteria group|p_Firmicutes|c_Clostridia|o_Clostridiales|f_Clostridiaceae|g_Clostridium|s_Clostridium carboxidivorans|-_Clostridium carboxidivorans P7"
0.00157532	1	1	"S"	1520	"s_Clostridium beijerinckii"	9	"-_root|-_cellular organisms|d_Bacteria|-_Terrabacteria group|p_Firmicutes|c_Clostridia|o_Clostridiales|f_Clostridiaceae|g_Clostridium|s_Clostridium beijerinckii"
0.00157532	1	1	"S"	394958	"s_Clostridium taeniosporum"	9	"-_root|-_cellular organisms|d_Bacteria|-_Terrabacteria group|p_Firmicutes|c_Clostridia|o_Clostridiales|f_Clostridiaceae|g_Clostridium|s_Clostridium taeniosporum"
0.00315065	2	0	"F"	186803	"f_Lachnospiraceae"	7	"-_root|-_cellular organisms|d_Bacteria|-_Terrabacteria group|p_Firmicutes|c_Clostridia|o_Clostridiales|f_Lachnospiraceae"
0.00315065	2	0	"G"	1506553	"g_Lachnoclostridium"	8	"-_root|-_cellular organisms|d_Bacteria|-_Terrabacteria group|p_Firmicutes|c_Clostridia|o_Clostridiales|f_Lachnospiraceae|g_Lachnoclostridium"
0.00157532	1	0	"S"	84030	"s_[Clostridium] saccharolyticum"	9	"-_root|-_cellular organisms|d_Bacteria|-_Terrabacteria group|p_Firmicutes|c_Clostridia|o_Clostridiales|f_Lachnospiraceae|g_Lachnoclostridium|s_[Clostridium] saccharolyticum"
0.00157532	1	1	"-"	610130	"-_[Clostridium] saccharolyticum WM1"	10	"-_root|-_cellular organisms|d_Bacteria|-_Terrabacteria group|p_Firmicutes|c_Clostridia|o_Clostridiales|f_Lachnospiraceae|g_Lachnoclostridium|s_[Clostridium] saccharolyticum|-_[Clostridium] saccharolyticum WM1"
0.00157532	1	1	"S"	1834196	"s_Lachnoclostridium sp. YL32"	9	"-_root|-_cellular organisms|d_Bacteria|-_Terrabacteria group|p_Firmicutes|c_Clostridia|o_Clostridiales|f_Lachnospiraceae|g_Lachnoclostridium|s_Lachnoclostridium sp. YL32"
0.00315065	2	0	"F"	186804	"f_Peptostreptococcaceae"	7	"-_root|-_cellular organisms|d_Bacteria|-_Terrabacteria group|p_Firmicutes|c_Clostridia|o_Clostridiales|f_Peptostreptococcaceae"
0.00157532	1	0	"G"	1481960	"g_Peptoclostridium"	8	"-_root|-_cellular organisms|d_Bacteria|-_Terrabacteria group|p_Firmicutes|c_Clostridia|o_Clostridiales|f_Peptostreptococcaceae|g_Peptoclostridium"
0.00157532	1	0	"S"	1731	"s_Peptoclostridium acidaminophilum"	9	"-_root|-_cellular organisms|d_Bacteria|-_Terrabacteria group|p_Firmicutes|c_Clostridia|o_Clostridiales|f_Peptostreptococcaceae|g_Peptoclostridium|s_Peptoclostridium acidaminophilum"
0.00157532	1	1	"-"	1286171	"-_Peptoclostridium acidaminophilum DSM 3953"	10	"-_root|-_cellular organisms|d_Bacteria|-_Terrabacteria group|p_Firmicutes|c_Clostridia|o_Clostridiales|f_Peptostreptococcaceae|g_Peptoclostridium|s_Peptoclostridium acidaminophilum|-_Peptoclostridium acidaminophilum DSM 3953"
0.00157532	1	0	"G"	1870884	"g_Clostridioides"	8	"-_root|-_cellular organisms|d_Bacteria|-_Terrabacteria group|p_Firmicutes|c_Clostridia|o_Clostridiales|f_Peptostreptococcaceae|g_Clostridioides"
0.00157532	1	1	"S"	1496	"s_Clostridioides difficile"	9	"-_root|-_cellular organisms|d_Bacteria|-_Terrabacteria group|p_Firmicutes|c_Clostridia|o_Clostridiales|f_Peptostreptococcaceae|g_Clostridioides|s_Clostridioides difficile"
0.00157532	1	0	"O"	68295	"o_Thermoanaerobacterales"	6	"-_root|-_cellular organisms|d_Bacteria|-_Terrabacteria group|p_Firmicutes|c_Clostridia|o_Thermoanaerobacterales"
0.00157532	1	0	"F"	543371	"f_Thermoanaerobacterales Family III. Incertae Sedis"	7	"-_root|-_cellular organisms|d_Bacteria|-_Terrabacteria group|p_Firmicutes|c_Clostridia|o_Thermoanaerobacterales|f_Thermoanaerobacterales Family III. Incertae Sedis"
0.00157532	1	0	"G"	28895	"g_Thermoanaerobacterium"	8	"-_root|-_cellular organisms|d_Bacteria|-_Terrabacteria group|p_Firmicutes|c_Clostridia|o_Thermoanaerobacterales|f_Thermoanaerobacterales Family III. Incertae Sedis|g_Thermoanaerobacterium"
0.00157532	1	1	"S"	1517	"s_Thermoanaerobacterium thermosaccharolyticum"	9	"-_root|-_cellular organisms|d_Bacteria|-_Terrabacteria group|p_Firmicutes|c_Clostridia|o_Thermoanaerobacterales|f_Thermoanaerobacterales Family III. Incertae Sedis|g_Thermoanaerobacterium|s_Thermoanaerobacterium thermosaccharolyticum"
0.00157532	1	0	"C"	1737404	"c_Tissierellia"	5	"-_root|-_cellular organisms|d_Bacteria|-_Terrabacteria group|p_Firmicutes|c_Tissierellia"
0.00157532	1	0	"O"	1737405	"o_Tissierellales"	6	"-_root|-_cellular organisms|d_Bacteria|-_Terrabacteria group|p_Firmicutes|c_Tissierellia|o_Tissierellales"
0.00157532	1	0	"F"	1737406	"f_Tissierellaceae"	7	"-_root|-_cellular organisms|d_Bacteria|-_Terrabacteria group|p_Firmicutes|c_Tissierellia|o_Tissierellales|f_Tissierellaceae"
0.00157532	1	0	"S"	45497	"s_[Clostridium] ultunense"	8	"-_root|-_cellular organisms|d_Bacteria|-_Terrabacteria group|p_Firmicutes|c_Tissierellia|o_Tissierellales|f_Tissierellaceae|s_[Clostridium] ultunense"
0.00157532	1	1	"-"	1288971	"-_[Clostridium] ultunense Esp"	9	"-_root|-_cellular organisms|d_Bacteria|-_Terrabacteria group|p_Firmicutes|c_Tissierellia|o_Tissierellales|f_Tissierellaceae|s_[Clostridium] ultunense|-_[Clostridium] ultunense Esp"
0.0126026	8	0	"-"	1798711	"-_Cyanobacteria/Melainabacteria group"	4	"-_root|-_cellular organisms|d_Bacteria|-_Terrabacteria group|-_Cyanobacteria/Melainabacteria group"
0.0126026	8	0	"P"	1117	"p_Cyanobacteria"	5	"-_root|-_cellular organisms|d_Bacteria|-_Terrabacteria group|-_Cyanobacteria/Melainabacteria group|p_Cyanobacteria"
0.0063013	4	1	"O"	1161	"o_Nostocales"	6	"-_root|-_cellular organisms|d_Bacteria|-_Terrabacteria group|-_Cyanobacteria/Melainabacteria group|p_Cyanobacteria|o_Nostocales"
0.00472597	3	0	"F"	1162	"f_Nostocaceae"	7	"-_root|-_cellular organisms|d_Bacteria|-_Terrabacteria group|-_Cyanobacteria/Melainabacteria group|p_Cyanobacteria|o_Nostocales|f_Nostocaceae"
0.00157532	1	0	"G"	1177	"g_Nostoc"	8	"-_root|-_cellular organisms|d_Bacteria|-_Terrabacteria group|-_Cyanobacteria/Melainabacteria group|p_Cyanobacteria|o_Nostocales|f_Nostocaceae|g_Nostoc"
0.00157532	1	1	"S"	1261031	"s_Nostoc sp. 'Peltigera membranacea cyanobiont' N6"	9	"-_root|-_cellular organisms|d_Bacteria|-_Terrabacteria group|-_Cyanobacteria/Melainabacteria group|p_Cyanobacteria|o_Nostocales|f_Nostocaceae|g_Nostoc|s_Nostoc sp. 'Peltigera membranacea cyanobiont' N6"
0.00157532	1	0	"G"	56106	"g_Cylindrospermum"	8	"-_root|-_cellular organisms|d_Bacteria|-_Terrabacteria group|-_Cyanobacteria/Melainabacteria group|p_Cyanobacteria|o_Nostocales|f_Nostocaceae|g_Cylindrospermum"
0.00157532	1	0	"S"	142864	"s_Cylindrospermum stagnale"	9	"-_root|-_cellular organisms|d_Bacteria|-_Terrabacteria group|-_Cyanobacteria/Melainabacteria group|p_Cyanobacteria|o_Nostocales|f_Nostocaceae|g_Cylindrospermum|s_Cylindrospermum stagnale"
0.00157532	1	1	"-"	56107	"-_Cylindrospermum stagnale PCC 7417"	10	"-_root|-_cellular organisms|d_Bacteria|-_Terrabacteria group|-_Cyanobacteria/Melainabacteria group|p_Cyanobacteria|o_Nostocales|f_Nostocaceae|g_Cylindrospermum|s_Cylindrospermum stagnale|-_Cylindrospermum stagnale PCC 7417"
0.00157532	1	0	"G"	264688	"g_Trichormus"	8	"-_root|-_cellular organisms|d_Bacteria|-_Terrabacteria group|-_Cyanobacteria/Melainabacteria group|p_Cyanobacteria|o_Nostocales|f_Nostocaceae|g_Trichormus"
0.00157532	1	0	"S"	1164	"s_Trichormus azollae"	9	"-_root|-_cellular organisms|d_Bacteria|-_Terrabacteria group|-_Cyanobacteria/Melainabacteria group|p_Cyanobacteria|o_Nostocales|f_Nostocaceae|g_Trichormus|s_Trichormus azollae"
0.00157532	1	1	"-"	551115	"-_'Nostoc azollae' 0708"	10	"-_root|-_cellular organisms|d_Bacteria|-_Terrabacteria group|-_Cyanobacteria/Melainabacteria group|p_Cyanobacteria|o_Nostocales|f_Nostocaceae|g_Trichormus|s_Trichormus azollae|-_'Nostoc azollae' 0708"
0.00315065	2	0	"-"	1301283	"-_Oscillatoriophycideae"	6	"-_root|-_cellular organisms|d_Bacteria|-_Terrabacteria group|-_Cyanobacteria/Melainabacteria group|p_Cyanobacteria|-_Oscillatoriophycideae"
0.00157532	1	0	"O"	1118	"o_Chroococcales"	7	"-_root|-_cellular organisms|d_Bacteria|-_Terrabacteria group|-_Cyanobacteria/Melainabacteria group|p_Cyanobacteria|-_Oscillatoriophycideae|o_Chroococcales"
0.00157532	1	0	"F"	1890452	"f_Cyanobacteriaceae"	8	"-_root|-_cellular organisms|d_Bacteria|-_Terrabacteria group|-_Cyanobacteria/Melainabacteria group|p_Cyanobacteria|-_Oscillatoriophycideae|o_Chroococcales|f_Cyanobacteriaceae"
0.00157532	1	0	"G"	102234	"g_Cyanobacterium"	9	"-_root|-_cellular organisms|d_Bacteria|-_Terrabacteria group|-_Cyanobacteria/Melainabacteria group|p_Cyanobacteria|-_Oscillatoriophycideae|o_Chroococcales|f_Cyanobacteriaceae|g_Cyanobacterium"
0.00157532	1	0	"S"	379064	"s_Cyanobacterium aponinum"	10	"-_root|-_cellular organisms|d_Bacteria|-_Terrabacteria group|-_Cyanobacteria/Melainabacteria group|p_Cyanobacteria|-_Oscillatoriophycideae|o_Chroococcales|f_Cyanobacteriaceae|g_Cyanobacterium|s_Cyanobacterium aponinum"
0.00157532	1	1	"-"	755178	"-_Cyanobacterium aponinum PCC 10605"	11	"-_root|-_cellular organisms|d_Bacteria|-_Terrabacteria group|-_Cyanobacteria/Melainabacteria group|p_Cyanobacteria|-_Oscillatoriophycideae|o_Chroococcales|f_Cyanobacteriaceae|g_Cyanobacterium|s_Cyanobacterium aponinum|-_Cyanobacterium aponinum PCC 10605"
0.00157532	1	0	"O"	1150	"o_Oscillatoriales"	7	"-_root|-_cellular organisms|d_Bacteria|-_Terrabacteria group|-_Cyanobacteria/Melainabacteria group|p_Cyanobacteria|-_Oscillatoriophycideae|o_Oscillatoriales"
0.00157532	1	0	"F"	1892249	"f_Cyanothecaceae"	8	"-_root|-_cellular organisms|d_Bacteria|-_Terrabacteria group|-_Cyanobacteria/Melainabacteria group|p_Cyanobacteria|-_Oscillatoriophycideae|o_Oscillatoriales|f_Cyanothecaceae"
0.00157532	1	0	"G"	43988	"g_Cyanothece"	9	"-_root|-_cellular organisms|d_Bacteria|-_Terrabacteria group|-_Cyanobacteria/Melainabacteria group|p_Cyanobacteria|-_Oscillatoriophycideae|o_Oscillatoriales|f_Cyanothecaceae|g_Cyanothece"
0.00157532	1	1	"S"	497965	"s_Cyanothece sp. PCC 7822"	10	"-_root|-_cellular organisms|d_Bacteria|-_Terrabacteria group|-_Cyanobacteria/Melainabacteria group|p_Cyanobacteria|-_Oscillatoriophycideae|o_Oscillatoriales|f_Cyanothecaceae|g_Cyanothece|s_Cyanothece sp. PCC 7822"
0.00315065	2	0	"O"	1890424	"o_Synechococcales"	6	"-_root|-_cellular organisms|d_Bacteria|-_Terrabacteria group|-_Cyanobacteria/Melainabacteria group|p_Cyanobacteria|o_Synechococcales"
0.00315065	2	0	"F"	1213	"f_Prochloraceae"	7	"-_root|-_cellular organisms|d_Bacteria|-_Terrabacteria group|-_Cyanobacteria/Melainabacteria group|p_Cyanobacteria|o_Synechococcales|f_Prochloraceae"
0.00315065	2	0	"G"	1218	"g_Prochlorococcus"	8	"-_root|-_cellular organisms|d_Bacteria|-_Terrabacteria group|-_Cyanobacteria/Melainabacteria group|p_Cyanobacteria|o_Synechococcales|f_Prochloraceae|g_Prochlorococcus"
0.00315065	2	0	"S"	1219	"s_Prochlorococcus marinus"	9	"-_root|-_cellular organisms|d_Bacteria|-_Terrabacteria group|-_Cyanobacteria/Melainabacteria group|p_Cyanobacteria|o_Synechococcales|f_Prochloraceae|g_Prochlorococcus|s_Prochlorococcus marinus"
0.00157532	1	0	"-"	142479	"-_Prochlorococcus marinus subsp. pastoris"	10	"-_root|-_cellular organisms|d_Bacteria|-_Terrabacteria group|-_Cyanobacteria/Melainabacteria group|p_Cyanobacteria|o_Synechococcales|f_Prochloraceae|g_Prochlorococcus|s_Prochlorococcus marinus|-_Prochlorococcus marinus subsp. pastoris"
0.00157532	1	1	"-"	59919	"-_Prochlorococcus marinus subsp. pastoris str. CCMP1986"	11	"-_root|-_cellular organisms|d_Bacteria|-_Terrabacteria group|-_Cyanobacteria/Melainabacteria group|p_Cyanobacteria|o_Synechococcales|f_Prochloraceae|g_Prochlorococcus|s_Prochlorococcus marinus|-_Prochlorococcus marinus subsp. pastoris|-_Prochlorococcus marinus subsp. pastoris str. CCMP1986"
0.00157532	1	1	"-"	167546	"-_Prochlorococcus marinus str. MIT 9301"	10	"-_root|-_cellular organisms|d_Bacteria|-_Terrabacteria group|-_Cyanobacteria/Melainabacteria group|p_Cyanobacteria|o_Synechococcales|f_Prochloraceae|g_Prochlorococcus|s_Prochlorococcus marinus|-_Prochlorococcus marinus str. MIT 9301"
0.00787662	5	0	"P"	201174	"p_Actinobacteria"	4	"-_root|-_cellular organisms|d_Bacteria|-_Terrabacteria group|p_Actinobacteria"
0.00787662	5	0	"C"	1760	"c_Actinobacteria"	5	"-_root|-_cellular organisms|d_Bacteria|-_Terrabacteria group|p_Actinobacteria|c_Actinobacteria"
0.00315065	2	0	"O"	85006	"o_Micrococcales"	6	"-_root|-_cellular organisms|d_Bacteria|-_Terrabacteria group|p_Actinobacteria|c_Actinobacteria|o_Micrococcales"
0.00315065	2	0	"F"	1268	"f_Micrococcaceae"	7	"-_root|-_cellular organisms|d_Bacteria|-_Terrabacteria group|p_Actinobacteria|c_Actinobacteria|o_Micrococcales|f_Micrococcaceae"
0.00157532	1	0	"G"	1663	"g_Arthrobacter"	8	"-_root|-_cellular organisms|d_Bacteria|-_Terrabacteria group|p_Actinobacteria|c_Actinobacteria|o_Micrococcales|f_Micrococcaceae|g_Arthrobacter"
0.00157532	1	1	"S"	2565366	"s_Arthrobacter sp. PAMC25564"	9	"-_root|-_cellular organisms|d_Bacteria|-_Terrabacteria group|p_Actinobacteria|c_Actinobacteria|o_Micrococcales|f_Micrococcaceae|g_Arthrobacter|s_Arthrobacter sp. PAMC25564"
0.00157532	1	0	"G"	57493	"g_Kocuria"	8	"-_root|-_cellular organisms|d_Bacteria|-_Terrabacteria group|p_Actinobacteria|c_Actinobacteria|o_Micrococcales|f_Micrococcaceae|g_Kocuria"
0.00157532	1	1	"S"	71999	"s_Kocuria palustris"	9	"-_root|-_cellular organisms|d_Bacteria|-_Terrabacteria group|p_Actinobacteria|c_Actinobacteria|o_Micrococcales|f_Micrococcaceae|g_Kocuria|s_Kocuria palustris"
0.00157532	1	0	"-"	52018	"-_unclassified Actinobacteria (class)"	6	"-_root|-_cellular organisms|d_Bacteria|-_Terrabacteria group|p_Actinobacteria|c_Actinobacteria|-_unclassified Actinobacteria (class)"
0.00157532	1	0	"-"	78537	"-_unclassified Actinobacteria (class) (miscellaneous)"	7	"-_root|-_cellular organisms|d_Bacteria|-_Terrabacteria group|p_Actinobacteria|c_Actinobacteria|-_unclassified Actinobacteria (class)|-_unclassified Actinobacteria (class) (miscellaneous)"
0.00157532	1	1	"S"	1650658	"s_Actinobacteria bacterium IMCC26256"	8	"-_root|-_cellular organisms|d_Bacteria|-_Terrabacteria group|p_Actinobacteria|c_Actinobacteria|-_unclassified Actinobacteria (class)|-_unclassified Actinobacteria (class) (miscellaneous)|s_Actinobacteria bacterium IMCC26256"
0.00157532	1	0	"O"	85004	"o_Bifidobacteriales"	6	"-_root|-_cellular organisms|d_Bacteria|-_Terrabacteria group|p_Actinobacteria|c_Actinobacteria|o_Bifidobacteriales"
0.00157532	1	0	"F"	31953	"f_Bifidobacteriaceae"	7	"-_root|-_cellular organisms|d_Bacteria|-_Terrabacteria group|p_Actinobacteria|c_Actinobacteria|o_Bifidobacteriales|f_Bifidobacteriaceae"
0.00157532	1	0	"G"	1678	"g_Bifidobacterium"	8	"-_root|-_cellular organisms|d_Bacteria|-_Terrabacteria group|p_Actinobacteria|c_Actinobacteria|o_Bifidobacteriales|f_Bifidobacteriaceae|g_Bifidobacterium"
0.00157532	1	0	"S"	33905	"s_Bifidobacterium thermophilum"	9	"-_root|-_cellular organisms|d_Bacteria|-_Terrabacteria group|p_Actinobacteria|c_Actinobacteria|o_Bifidobacteriales|f_Bifidobacteriaceae|g_Bifidobacterium|s_Bifidobacterium thermophilum"
0.00157532	1	1	"-"	1254439	"-_Bifidobacterium thermophilum RBL67"	10	"-_root|-_cellular organisms|d_Bacteria|-_Terrabacteria group|p_Actinobacteria|c_Actinobacteria|o_Bifidobacteriales|f_Bifidobacteriaceae|g_Bifidobacterium|s_Bifidobacterium thermophilum|-_Bifidobacterium thermophilum RBL67"
0.00157532	1	0	"O"	85011	"o_Streptomycetales"	6	"-_root|-_cellular organisms|d_Bacteria|-_Terrabacteria group|p_Actinobacteria|c_Actinobacteria|o_Streptomycetales"
0.00157532	1	0	"F"	2062	"f_Streptomycetaceae"	7	"-_root|-_cellular organisms|d_Bacteria|-_Terrabacteria group|p_Actinobacteria|c_Actinobacteria|o_Streptomycetales|f_Streptomycetaceae"
0.00157532	1	0	"G"	1883	"g_Streptomyces"	8	"-_root|-_cellular organisms|d_Bacteria|-_Terrabacteria group|p_Actinobacteria|c_Actinobacteria|o_Streptomycetales|f_Streptomycetaceae|g_Streptomyces"
0.00157532	1	1	"S"	1535768	"s_Streptomyces lunaelactis"	9	"-_root|-_cellular organisms|d_Bacteria|-_Terrabacteria group|p_Actinobacteria|c_Actinobacteria|o_Streptomycetales|f_Streptomycetaceae|g_Streptomyces|s_Streptomyces lunaelactis"
0.0063013	4	0	"P"	544448	"p_Tenericutes"	4	"-_root|-_cellular organisms|d_Bacteria|-_Terrabacteria group|p_Tenericutes"
0.0063013	4	0	"C"	31969	"c_Mollicutes"	5	"-_root|-_cellular organisms|d_Bacteria|-_Terrabacteria group|p_Tenericutes|c_Mollicutes"
0.00472597	3	0	"O"	186328	"o_Entomoplasmatales"	6	"-_root|-_cellular organisms|d_Bacteria|-_Terrabacteria group|p_Tenericutes|c_Mollicutes|o_Entomoplasmatales"
0.00315065	2	0	"F"	2131	"f_Spiroplasmataceae"	7	"-_root|-_cellular organisms|d_Bacteria|-_Terrabacteria group|p_Tenericutes|c_Mollicutes|o_Entomoplasmatales|f_Spiroplasmataceae"
0.00315065	2	1	"G"	2132	"g_Spiroplasma"	8	"-_root|-_cellular organisms|d_Bacteria|-_Terrabacteria group|p_Tenericutes|c_Mollicutes|o_Entomoplasmatales|f_Spiroplasmataceae|g_Spiroplasma"
0.00157532	1	1	"S"	2133	"s_Spiroplasma citri"	9	"-_root|-_cellular organisms|d_Bacteria|-_Terrabacteria group|p_Tenericutes|c_Mollicutes|o_Entomoplasmatales|f_Spiroplasmataceae|g_Spiroplasma|s_Spiroplasma citri"
0.00157532	1	0	"F"	33925	"f_Entomoplasmataceae"	7	"-_root|-_cellular organisms|d_Bacteria|-_Terrabacteria group|p_Tenericutes|c_Mollicutes|o_Entomoplasmatales|f_Entomoplasmataceae"
0.00157532	1	0	"G"	46239	"g_Mesoplasma"	8	"-_root|-_cellular organisms|d_Bacteria|-_Terrabacteria group|p_Tenericutes|c_Mollicutes|o_Entomoplasmatales|f_Entomoplasmataceae|g_Mesoplasma"
0.00157532	1	1	"S"	2149	"s_Mesoplasma entomophilum"	9	"-_root|-_cellular organisms|d_Bacteria|-_Terrabacteria group|p_Tenericutes|c_Mollicutes|o_Entomoplasmatales|f_Entomoplasmataceae|g_Mesoplasma|s_Mesoplasma entomophilum"
0.00157532	1	0	"O"	2085	"o_Mycoplasmatales"	6	"-_root|-_cellular organisms|d_Bacteria|-_Terrabacteria group|p_Tenericutes|c_Mollicutes|o_Mycoplasmatales"
0.00157532	1	0	"F"	2092	"f_Mycoplasmataceae"	7	"-_root|-_cellular organisms|d_Bacteria|-_Terrabacteria group|p_Tenericutes|c_Mollicutes|o_Mycoplasmatales|f_Mycoplasmataceae"
0.00157532	1	0	"G"	2093	"g_Mycoplasma"	8	"-_root|-_cellular organisms|d_Bacteria|-_Terrabacteria group|p_Tenericutes|c_Mollicutes|o_Mycoplasmatales|f_Mycoplasmataceae|g_Mycoplasma"
0.00157532	1	1	"S"	142650	"s_Mycoplasma phocirhinis"	9	"-_root|-_cellular organisms|d_Bacteria|-_Terrabacteria group|p_Tenericutes|c_Mollicutes|o_Mycoplasmatales|f_Mycoplasmataceae|g_Mycoplasma|s_Mycoplasma phocirhinis"
0.0267805	17	0	"-"	1783270	"-_FCB group"	3	"-_root|-_cellular organisms|d_Bacteria|-_FCB group"
0.0267805	17	0	"-"	68336	"-_Bacteroidetes/Chlorobi group"	4	"-_root|-_cellular organisms|d_Bacteria|-_FCB group|-_Bacteroidetes/Chlorobi group"
0.0267805	17	0	"P"	976	"p_Bacteroidetes"	5	"-_root|-_cellular organisms|d_Bacteria|-_FCB group|-_Bacteroidetes/Chlorobi group|p_Bacteroidetes"
0.0157532	10	0	"C"	117743	"c_Flavobacteriia"	6	"-_root|-_cellular organisms|d_Bacteria|-_FCB group|-_Bacteroidetes/Chlorobi group|p_Bacteroidetes|c_Flavobacteriia"
0.0157532	10	0	"O"	200644	"o_Flavobacteriales"	7	"-_root|-_cellular organisms|d_Bacteria|-_FCB group|-_Bacteroidetes/Chlorobi group|p_Bacteroidetes|c_Flavobacteriia|o_Flavobacteriales"
0.0157532	10	0	"F"	49546	"f_Flavobacteriaceae"	8	"-_root|-_cellular organisms|d_Bacteria|-_FCB group|-_Bacteroidetes/Chlorobi group|p_Bacteroidetes|c_Flavobacteriia|o_Flavobacteriales|f_Flavobacteriaceae"
0.00315065	2	0	"G"	237	"g_Flavobacterium"	9	"-_root|-_cellular organisms|d_Bacteria|-_FCB group|-_Bacteroidetes/Chlorobi group|p_Bacteroidetes|c_Flavobacteriia|o_Flavobacteriales|f_Flavobacteriaceae|g_Flavobacterium"
0.00157532	1	0	"S"	312277	"s_Flavobacterium indicum"	10	"-_root|-_cellular organisms|d_Bacteria|-_FCB group|-_Bacteroidetes/Chlorobi group|p_Bacteroidetes|c_Flavobacteriia|o_Flavobacteriales|f_Flavobacteriaceae|g_Flavobacterium|s_Flavobacterium indicum"
0.00157532	1	1	"-"	1094466	"-_Flavobacterium indicum GPTSA100-9 = DSM 17447"	11	"-_root|-_cellular organisms|d_Bacteria|-_FCB group|-_Bacteroidetes/Chlorobi group|p_Bacteroidetes|c_Flavobacteriia|o_Flavobacteriales|f_Flavobacteriaceae|g_Flavobacterium|s_Flavobacterium indicum|-_Flavobacterium indicum GPTSA100-9 = DSM 17447"
0.00157532	1	1	"S"	1355330	"s_Flavobacterium faecale"	10	"-_root|-_cellular organisms|d_Bacteria|-_FCB group|-_Bacteroidetes/Chlorobi group|p_Bacteroidetes|c_Flavobacteriia|o_Flavobacteriales|f_Flavobacteriaceae|g_Flavobacterium|s_Flavobacterium faecale"
0.00315065	2	0	"G"	59732	"g_Chryseobacterium"	9	"-_root|-_cellular organisms|d_Bacteria|-_FCB group|-_Bacteroidetes/Chlorobi group|p_Bacteroidetes|c_Flavobacteriia|o_Flavobacteriales|f_Flavobacteriaceae|g_Chryseobacterium"
0.00157532	1	1	"S"	1493872	"s_Chryseobacterium shandongense"	10	"-_root|-_cellular organisms|d_Bacteria|-_FCB group|-_Bacteroidetes/Chlorobi group|p_Bacteroidetes|c_Flavobacteriia|o_Flavobacteriales|f_Flavobacteriaceae|g_Chryseobacterium|s_Chryseobacterium shandongense"
0.00157532	1	1	"S"	536441	"s_Chryseobacterium taklimakanense"	10	"-_root|-_cellular organisms|d_Bacteria|-_FCB group|-_Bacteroidetes/Chlorobi group|p_Bacteroidetes|c_Flavobacteriia|o_Flavobacteriales|f_Flavobacteriaceae|g_Chryseobacterium|s_Chryseobacterium taklimakanense"
0.00157532	1	0	"G"	291183	"g_Lacinutrix"	9	"-_root|-_cellular organisms|d_Bacteria|-_FCB group|-_Bacteroidetes/Chlorobi group|p_Bacteroidetes|c_Flavobacteriia|o_Flavobacteriales|f_Flavobacteriaceae|g_Lacinutrix"
0.00157532	1	1	"S"	983544	"s_Lacinutrix sp. 5H-3-7-4"	10	"-_root|-_cellular organisms|d_Bacteria|-_FCB group|-_Bacteroidetes/Chlorobi group|p_Bacteroidetes|c_Flavobacteriia|o_Flavobacteriales|f_Flavobacteriaceae|g_Lacinutrix|s_Lacinutrix sp. 5H-3-7-4"
0.00157532	1	0	"G"	1649495	"g_Seonamhaeicola"	9	"-_root|-_cellular organisms|d_Bacteria|-_FCB group|-_Bacteroidetes/Chlorobi group|p_Bacteroidetes|c_Flavobacteriia|o_Flavobacteriales|f_Flavobacteriaceae|g_Seonamhaeicola"
0.00157532	1	1	"S"	1936081	"s_Seonamhaeicola sp. S2-3"	10	"-_root|-_cellular organisms|d_Bacteria|-_FCB group|-_Bacteroidetes/Chlorobi group|p_Bacteroidetes|c_Flavobacteriia|o_Flavobacteriales|f_Flavobacteriaceae|g_Seonamhaeicola|s_Seonamhaeicola sp. S2-3"
0.00157532	1	0	"G"	308865	"g_Elizabethkingia"	9	"-_root|-_cellular organisms|d_Bacteria|-_FCB group|-_Bacteroidetes/Chlorobi group|p_Bacteroidetes|c_Flavobacteriia|o_Flavobacteriales|f_Flavobacteriaceae|g_Elizabethkingia"
0.00157532	1	1	"S"	1117645	"s_Elizabethkingia anophelis"	10	"-_root|-_cellular organisms|d_Bacteria|-_FCB group|-_Bacteroidetes/Chlorobi group|p_Bacteroidetes|c_Flavobacteriia|o_Flavobacteriales|f_Flavobacteriaceae|g_Elizabethkingia|s_Elizabethkingia anophelis"
0.00157532	1	0	"G"	52959	"g_Polaribacter"	9	"-_root|-_cellular organisms|d_Bacteria|-_FCB group|-_Bacteroidetes/Chlorobi group|p_Bacteroidetes|c_Flavobacteriia|o_Flavobacteriales|f_Flavobacteriaceae|g_Polaribacter"
0.00157532	1	1	"S"	313598	"s_Polaribacter sp. MED152"	10	"-_root|-_cellular organisms|d_Bacteria|-_FCB group|-_Bacteroidetes/Chlorobi group|p_Bacteroidetes|c_Flavobacteriia|o_Flavobacteriales|f_Flavobacteriaceae|g_Polaribacter|s_Polaribacter sp. MED152"
0.00157532	1	0	"G"	221065	"g_Kordia"	9	"-_root|-_cellular organisms|d_Bacteria|-_FCB group|-_Bacteroidetes/Chlorobi group|p_Bacteroidetes|c_Flavobacteriia|o_Flavobacteriales|f_Flavobacteriaceae|g_Kordia"
0.00157532	1	1	"S"	2282170	"s_Kordia sp. SMS9"	10	"-_root|-_cellular organisms|d_Bacteria|-_FCB group|-_Bacteroidetes/Chlorobi group|p_Bacteroidetes|c_Flavobacteriia|o_Flavobacteriales|f_Flavobacteriaceae|g_Kordia|s_Kordia sp. SMS9"
0.00157532	1	0	"G"	363408	"g_Nonlabens"	9	"-_root|-_cellular organisms|d_Bacteria|-_FCB group|-_Bacteroidetes/Chlorobi group|p_Bacteroidetes|c_Flavobacteriia|o_Flavobacteriales|f_Flavobacteriaceae|g_Nonlabens"
0.00157532	1	1	"S"	1336802	"s_Nonlabens sp. Hel1_33_55"	10	"-_root|-_cellular organisms|d_Bacteria|-_FCB group|-_Bacteroidetes/Chlorobi group|p_Bacteroidetes|c_Flavobacteriia|o_Flavobacteriales|f_Flavobacteriaceae|g_Nonlabens|s_Nonlabens sp. Hel1_33_55"
0.00315065	2	0	"C"	117747	"c_Sphingobacteriia"	6	"-_root|-_cellular organisms|d_Bacteria|-_FCB group|-_Bacteroidetes/Chlorobi group|p_Bacteroidetes|c_Sphingobacteriia"
0.00315065	2	0	"O"	200666	"o_Sphingobacteriales"	7	"-_root|-_cellular organisms|d_Bacteria|-_FCB group|-_Bacteroidetes/Chlorobi group|p_Bacteroidetes|c_Sphingobacteriia|o_Sphingobacteriales"
0.00315065	2	0	"F"	84566	"f_Sphingobacteriaceae"	8	"-_root|-_cellular organisms|d_Bacteria|-_FCB group|-_Bacteroidetes/Chlorobi group|p_Bacteroidetes|c_Sphingobacteriia|o_Sphingobacteriales|f_Sphingobacteriaceae"
0.00157532	1	0	"G"	84567	"g_Pedobacter"	9	"-_root|-_cellular organisms|d_Bacteria|-_FCB group|-_Bacteroidetes/Chlorobi group|p_Bacteroidetes|c_Sphingobacteriia|o_Sphingobacteriales|f_Sphingobacteriaceae|g_Pedobacter"
0.00157532	1	1	"S"	188932	"s_Pedobacter cryoconitis"	10	"-_root|-_cellular organisms|d_Bacteria|-_FCB group|-_Bacteroidetes/Chlorobi group|p_Bacteroidetes|c_Sphingobacteriia|o_Sphingobacteriales|f_Sphingobacteriaceae|g_Pedobacter|s_Pedobacter cryoconitis"
0.00157532	1	0	"G"	423349	"g_Mucilaginibacter"	9	"-_root|-_cellular organisms|d_Bacteria|-_FCB group|-_Bacteroidetes/Chlorobi group|p_Bacteroidetes|c_Sphingobacteriia|o_Sphingobacteriales|f_Sphingobacteriaceae|g_Mucilaginibacter"
0.00157532	1	0	"S"	423351	"s_Mucilaginibacter paludis"	10	"-_root|-_cellular organisms|d_Bacteria|-_FCB group|-_Bacteroidetes/Chlorobi group|p_Bacteroidetes|c_Sphingobacteriia|o_Sphingobacteriales|f_Sphingobacteriaceae|g_Mucilaginibacter|s_Mucilaginibacter paludis"
0.00157532	1	1	"-"	714943	"-_Mucilaginibacter paludis DSM 18603"	11	"-_root|-_cellular organisms|d_Bacteria|-_FCB group|-_Bacteroidetes/Chlorobi group|p_Bacteroidetes|c_Sphingobacteriia|o_Sphingobacteriales|f_Sphingobacteriaceae|g_Mucilaginibacter|s_Mucilaginibacter paludis|-_Mucilaginibacter paludis DSM 18603"
0.00315065	2	0	"C"	200643	"c_Bacteroidia"	6	"-_root|-_cellular organisms|d_Bacteria|-_FCB group|-_Bacteroidetes/Chlorobi group|p_Bacteroidetes|c_Bacteroidia"
0.00315065	2	0	"O"	171549	"o_Bacteroidales"	7	"-_root|-_cellular organisms|d_Bacteria|-_FCB group|-_Bacteroidetes/Chlorobi group|p_Bacteroidetes|c_Bacteroidia|o_Bacteroidales"
0.00157532	1	0	"F"	171550	"f_Rikenellaceae"	8	"-_root|-_cellular organisms|d_Bacteria|-_FCB group|-_Bacteroidetes/Chlorobi group|p_Bacteroidetes|c_Bacteroidia|o_Bacteroidales|f_Rikenellaceae"
0.00157532	1	0	"G"	239759	"g_Alistipes"	9	"-_root|-_cellular organisms|d_Bacteria|-_FCB group|-_Bacteroidetes/Chlorobi group|p_Bacteroidetes|c_Bacteroidia|o_Bacteroidales|f_Rikenellaceae|g_Alistipes"
0.00157532	1	0	"S"	328814	"s_Alistipes shahii"	10	"-_root|-_cellular organisms|d_Bacteria|-_FCB group|-_Bacteroidetes/Chlorobi group|p_Bacteroidetes|c_Bacteroidia|o_Bacteroidales|f_Rikenellaceae|g_Alistipes|s_Alistipes shahii"
0.00157532	1	1	"-"	717959	"-_Alistipes shahii WAL 8301"	11	"-_root|-_cellular organisms|d_Bacteria|-_FCB group|-_Bacteroidetes/Chlorobi group|p_Bacteroidetes|c_Bacteroidia|o_Bacteroidales|f_Rikenellaceae|g_Alistipes|s_Alistipes shahii|-_Alistipes shahii WAL 8301"
0.00157532	1	0	"F"	2005519	"f_Barnesiellaceae"	8	"-_root|-_cellular organisms|d_Bacteria|-_FCB group|-_Bacteroidetes/Chlorobi group|p_Bacteroidetes|c_Bacteroidia|o_Bacteroidales|f_Barnesiellaceae"
0.00157532	1	0	"G"	397864	"g_Barnesiella"	9	"-_root|-_cellular organisms|d_Bacteria|-_FCB group|-_Bacteroidetes/Chlorobi group|p_Bacteroidetes|c_Bacteroidia|o_Bacteroidales|f_Barnesiellaceae|g_Barnesiella"
0.00157532	1	0	"S"	397865	"s_Barnesiella viscericola"	10	"-_root|-_cellular organisms|d_Bacteria|-_FCB group|-_Bacteroidetes/Chlorobi group|p_Bacteroidetes|c_Bacteroidia|o_Bacteroidales|f_Barnesiellaceae|g_Barnesiella|s_Barnesiella viscericola"
0.00157532	1	1	"-"	880074	"-_Barnesiella viscericola DSM 18177"	11	"-_root|-_cellular organisms|d_Bacteria|-_FCB group|-_Bacteroidetes/Chlorobi group|p_Bacteroidetes|c_Bacteroidia|o_Bacteroidales|f_Barnesiellaceae|g_Barnesiella|s_Barnesiella viscericola|-_Barnesiella viscericola DSM 18177"
0.00315065	2	0	"C"	768503	"c_Cytophagia"	6	"-_root|-_cellular organisms|d_Bacteria|-_FCB group|-_Bacteroidetes/Chlorobi group|p_Bacteroidetes|c_Cytophagia"
0.00315065	2	0	"O"	768507	"o_Cytophagales"	7	"-_root|-_cellular organisms|d_Bacteria|-_FCB group|-_Bacteroidetes/Chlorobi group|p_Bacteroidetes|c_Cytophagia|o_Cytophagales"
0.00157532	1	0	"F"	89373	"f_Cytophagaceae"	8	"-_root|-_cellular organisms|d_Bacteria|-_FCB group|-_Bacteroidetes/Chlorobi group|p_Bacteroidetes|c_Cytophagia|o_Cytophagales|f_Cytophagaceae"
0.00157532	1	0	"G"	105	"g_Runella"	9	"-_root|-_cellular organisms|d_Bacteria|-_FCB group|-_Bacteroidetes/Chlorobi group|p_Bacteroidetes|c_Cytophagia|o_Cytophagales|f_Cytophagaceae|g_Runella"
0.00157532	1	1	"S"	2268026	"s_Runella sp. SP2"	10	"-_root|-_cellular organisms|d_Bacteria|-_FCB group|-_Bacteroidetes/Chlorobi group|p_Bacteroidetes|c_Cytophagia|o_Cytophagales|f_Cytophagaceae|g_Runella|s_Runella sp. SP2"
0.00157532	1	0	"-"	1124781	"-_unclassified Cytophagales"	8	"-_root|-_cellular organisms|d_Bacteria|-_FCB group|-_Bacteroidetes/Chlorobi group|p_Bacteroidetes|c_Cytophagia|o_Cytophagales|-_unclassified Cytophagales"
0.00157532	1	0	"-"	1751870	"-_unclassified Cytophagales (miscellaneous)"	9	"-_root|-_cellular organisms|d_Bacteria|-_FCB group|-_Bacteroidetes/Chlorobi group|p_Bacteroidetes|c_Cytophagia|o_Cytophagales|-_unclassified Cytophagales|-_unclassified Cytophagales (miscellaneous)"
0.00157532	1	1	"S"	1945892	"s_Cytophagales bacterium TFI 002"	10	"-_root|-_cellular organisms|d_Bacteria|-_FCB group|-_Bacteroidetes/Chlorobi group|p_Bacteroidetes|c_Cytophagia|o_Cytophagales|-_unclassified Cytophagales|-_unclassified Cytophagales (miscellaneous)|s_Cytophagales bacterium TFI 002"
0.00157532	1	0	"C"	1853228	"c_Chitinophagia"	6	"-_root|-_cellular organisms|d_Bacteria|-_FCB group|-_Bacteroidetes/Chlorobi group|p_Bacteroidetes|c_Chitinophagia"
0.00157532	1	0	"O"	1853229	"o_Chitinophagales"	7	"-_root|-_cellular organisms|d_Bacteria|-_FCB group|-_Bacteroidetes/Chlorobi group|p_Bacteroidetes|c_Chitinophagia|o_Chitinophagales"
0.00157532	1	0	"F"	563835	"f_Chitinophagaceae"	8	"-_root|-_cellular organisms|d_Bacteria|-_FCB group|-_Bacteroidetes/Chlorobi group|p_Bacteroidetes|c_Chitinophagia|o_Chitinophagales|f_Chitinophagaceae"
0.00157532	1	0	"G"	398041	"g_Flavisolibacter"	9	"-_root|-_cellular organisms|d_Bacteria|-_FCB group|-_Bacteroidetes/Chlorobi group|p_Bacteroidetes|c_Chitinophagia|o_Chitinophagales|f_Chitinophagaceae|g_Flavisolibacter"
0.00157532	1	1	"S"	1492898	"s_Flavisolibacter tropicus"	10	"-_root|-_cellular organisms|d_Bacteria|-_FCB group|-_Bacteroidetes/Chlorobi group|p_Bacteroidetes|c_Chitinophagia|o_Chitinophagales|f_Chitinophagaceae|g_Flavisolibacter|s_Flavisolibacter tropicus"
0.00157532	1	0	"P"	32066	"p_Fusobacteria"	3	"-_root|-_cellular organisms|d_Bacteria|p_Fusobacteria"
0.00157532	1	0	"C"	203490	"c_Fusobacteriia"	4	"-_root|-_cellular organisms|d_Bacteria|p_Fusobacteria|c_Fusobacteriia"
0.00157532	1	0	"O"	203491	"o_Fusobacteriales"	5	"-_root|-_cellular organisms|d_Bacteria|p_Fusobacteria|c_Fusobacteriia|o_Fusobacteriales"
0.00157532	1	0	"F"	203492	"f_Fusobacteriaceae"	6	"-_root|-_cellular organisms|d_Bacteria|p_Fusobacteria|c_Fusobacteriia|o_Fusobacteriales|f_Fusobacteriaceae"
0.00157532	1	1	"G"	848	"g_Fusobacterium"	7	"-_root|-_cellular organisms|d_Bacteria|p_Fusobacteria|c_Fusobacteriia|o_Fusobacteriales|f_Fusobacteriaceae|g_Fusobacterium"
0.00157532	1	0	"P"	57723	"p_Acidobacteria"	3	"-_root|-_cellular organisms|d_Bacteria|p_Acidobacteria"
0.00157532	1	0	"C"	204432	"c_Acidobacteriia"	4	"-_root|-_cellular organisms|d_Bacteria|p_Acidobacteria|c_Acidobacteriia"
0.00157532	1	0	"O"	204433	"o_Acidobacteriales"	5	"-_root|-_cellular organisms|d_Bacteria|p_Acidobacteria|c_Acidobacteriia|o_Acidobacteriales"
0.00157532	1	0	"F"	204434	"f_Acidobacteriaceae"	6	"-_root|-_cellular organisms|d_Bacteria|p_Acidobacteria|c_Acidobacteriia|o_Acidobacteriales|f_Acidobacteriaceae"
0.00157532	1	0	"G"	392733	"g_Terriglobus"	7	"-_root|-_cellular organisms|d_Bacteria|p_Acidobacteria|c_Acidobacteriia|o_Acidobacteriales|f_Acidobacteriaceae|g_Terriglobus"
0.00157532	1	1	"S"	392734	"s_Terriglobus roseus"	8	"-_root|-_cellular organisms|d_Bacteria|p_Acidobacteria|c_Acidobacteriia|o_Acidobacteriales|f_Acidobacteriaceae|g_Terriglobus|s_Terriglobus roseus"
0.00157532	1	0	"P"	200930	"p_Deferribacteres"	3	"-_root|-_cellular organisms|d_Bacteria|p_Deferribacteres"
0.00157532	1	0	"C"	68337	"c_Deferribacteres"	4	"-_root|-_cellular organisms|d_Bacteria|p_Deferribacteres|c_Deferribacteres"
0.00157532	1	0	"O"	191393	"o_Deferribacterales"	5	"-_root|-_cellular organisms|d_Bacteria|p_Deferribacteres|c_Deferribacteres|o_Deferribacterales"
0.00157532	1	0	"F"	191394	"f_Deferribacteraceae"	6	"-_root|-_cellular organisms|d_Bacteria|p_Deferribacteres|c_Deferribacteres|o_Deferribacterales|f_Deferribacteraceae"
0.00157532	1	0	"G"	53572	"g_Deferribacter"	7	"-_root|-_cellular organisms|d_Bacteria|p_Deferribacteres|c_Deferribacteres|o_Deferribacterales|f_Deferribacteraceae|g_Deferribacter"
0.00157532	1	0	"S"	197162	"s_Deferribacter desulfuricans"	8	"-_root|-_cellular organisms|d_Bacteria|p_Deferribacteres|c_Deferribacteres|o_Deferribacterales|f_Deferribacteraceae|g_Deferribacter|s_Deferribacter desulfuricans"
0.00157532	1	1	"-"	639282	"-_Deferribacter desulfuricans SSM1"	9	"-_root|-_cellular organisms|d_Bacteria|p_Deferribacteres|c_Deferribacteres|o_Deferribacterales|f_Deferribacteraceae|g_Deferribacter|s_Deferribacter desulfuricans|-_Deferribacter desulfuricans SSM1"
0.00472597	3	0	"D"	10239	"d_Viruses"	1	"-_root|d_Viruses"
0.00315065	2	0	"F"	10240	"f_Poxviridae"	2	"-_root|d_Viruses|f_Poxviridae"
0.00157532	1	0	"-"	10241	"-_Chordopoxvirinae"	3	"-_root|d_Viruses|f_Poxviridae|-_Chordopoxvirinae"
0.00157532	1	0	"G"	10265	"g_Capripoxvirus"	4	"-_root|d_Viruses|f_Poxviridae|-_Chordopoxvirinae|g_Capripoxvirus"
0.00157532	1	0	"S"	59509	"s_Lumpy skin disease virus"	5	"-_root|d_Viruses|f_Poxviridae|-_Chordopoxvirinae|g_Capripoxvirus|s_Lumpy skin disease virus"
0.00157532	1	1	"-"	376849	"-_Lumpy skin disease virus NI-2490"	6	"-_root|d_Viruses|f_Poxviridae|-_Chordopoxvirinae|g_Capripoxvirus|s_Lumpy skin disease virus|-_Lumpy skin disease virus NI-2490"
0.00157532	1	0	"-"	10284	"-_Entomopoxvirinae"	3	"-_root|d_Viruses|f_Poxviridae|-_Entomopoxvirinae"
0.00157532	1	0	"G"	10286	"g_Betaentomopoxvirus"	4	"-_root|d_Viruses|f_Poxviridae|-_Entomopoxvirinae|g_Betaentomopoxvirus"
0.00157532	1	0	"S"	1993630	"s_Adoxophyes honmai entomopoxvirus"	5	"-_root|d_Viruses|f_Poxviridae|-_Entomopoxvirinae|g_Betaentomopoxvirus|s_Adoxophyes honmai entomopoxvirus"
0.00157532	1	1	"-"	1293540	"-_Adoxophyes honmai entomopoxvirus 'L'"	6	"-_root|d_Viruses|f_Poxviridae|-_Entomopoxvirinae|g_Betaentomopoxvirus|s_Adoxophyes honmai entomopoxvirus|-_Adoxophyes honmai entomopoxvirus 'L'"
0.00157532	1	0	"F"	549779	"f_Mimiviridae"	2	"-_root|d_Viruses|f_Mimiviridae"
0.00157532	1	0	"G"	315393	"g_Mimivirus"	3	"-_root|d_Viruses|f_Mimiviridae|g_Mimivirus"
0.00157532	1	1	"S"	212035	"s_Acanthamoeba polyphaga mimivirus"	4	"-_root|d_Viruses|f_Mimiviridae|g_Mimivirus|s_Acanthamoeba polyphaga mimivirus"
